idna_subject,checker_type,destination,source,tested_at,session_id
3.33.173.127,AVAILABILITY,origin.list,origin.list,2023-05-24 05:16:41.856272,3fc0140e1737aec9337ca2c2
4.193.146.74,AVAILABILITY,origin.list,origin.list,2023-05-24 05:16:42.497891,3fc0140e1737aec9337ca2c2
5.45.92.31,AVAILABILITY,origin.list,origin.list,2023-05-24 05:16:42.655311,3fc0140e1737aec9337ca2c2
5.45.93.200,AVAILABILITY,origin.list,origin.list,2023-05-24 05:16:42.837699,3fc0140e1737aec9337ca2c2
5.45.92.74,AVAILABILITY,origin.list,origin.list,2023-05-24 05:16:42.892503,3fc0140e1737aec9337ca2c2
5.45.92.110,AVAILABILITY,origin.list,origin.list,2023-05-24 05:16:42.931238,3fc0140e1737aec9337ca2c2
5.61.48.39,AVAILABILITY,origin.list,origin.list,2023-05-24 05:16:43.578767,3fc0140e1737aec9337ca2c2
5.61.48.7,AVAILABILITY,origin.list,origin.list,2023-05-24 05:16:43.643511,3fc0140e1737aec9337ca2c2
5.61.49.120,AVAILABILITY,origin.list,origin.list,2023-05-24 05:16:43.793570,3fc0140e1737aec9337ca2c2
5.61.49.200,AVAILABILITY,origin.list,origin.list,2023-05-24 05:16:43.860253,3fc0140e1737aec9337ca2c2
5.61.49.240,AVAILABILITY,origin.list,origin.list,2023-05-24 05:16:44.065077,3fc0140e1737aec9337ca2c2
5.61.49.40,AVAILABILITY,origin.list,origin.list,2023-05-24 05:16:44.549323,3fc0140e1737aec9337ca2c2
5.61.50.200,AVAILABILITY,origin.list,origin.list,2023-05-24 05:16:44.717239,3fc0140e1737aec9337ca2c2
5.61.49.5,AVAILABILITY,origin.list,origin.list,2023-05-24 05:16:44.830300,3fc0140e1737aec9337ca2c2
5.61.50.53,AVAILABILITY,origin.list,origin.list,2023-05-24 05:16:44.887740,3fc0140e1737aec9337ca2c2
5.61.56.225,AVAILABILITY,origin.list,origin.list,2023-05-24 05:16:45.252748,3fc0140e1737aec9337ca2c2
13.126.233.17,AVAILABILITY,origin.list,origin.list,2023-05-24 05:16:45.525805,3fc0140e1737aec9337ca2c2
5.61.57.242,AVAILABILITY,origin.list,origin.list,2023-05-24 05:16:45.605103,3fc0140e1737aec9337ca2c2
5.61.57.53,AVAILABILITY,origin.list,origin.list,2023-05-24 05:16:45.671716,3fc0140e1737aec9337ca2c2
13.212.136.139,AVAILABILITY,origin.list,origin.list,2023-05-24 05:16:45.782652,3fc0140e1737aec9337ca2c2
5.61.56.232,AVAILABILITY,origin.list,origin.list,2023-05-24 05:16:45.821011,3fc0140e1737aec9337ca2c2
13.212.17.65,AVAILABILITY,origin.list,origin.list,2023-05-24 05:16:45.865056,3fc0140e1737aec9337ca2c2
13.212.176.41,AVAILABILITY,origin.list,origin.list,2023-05-24 05:16:45.943693,3fc0140e1737aec9337ca2c2
13.212.190.2,AVAILABILITY,origin.list,origin.list,2023-05-24 05:16:46.044169,3fc0140e1737aec9337ca2c2
13.212.90.224,AVAILABILITY,origin.list,origin.list,2023-05-24 05:16:46.088769,3fc0140e1737aec9337ca2c2
13.214.180.15,AVAILABILITY,origin.list,origin.list,2023-05-24 05:16:46.135469,3fc0140e1737aec9337ca2c2
13.214.180.178,AVAILABILITY,origin.list,origin.list,2023-05-24 05:16:46.199611,3fc0140e1737aec9337ca2c2
8.219.56.162,AVAILABILITY,origin.list,origin.list,2023-05-24 05:16:46.292085,3fc0140e1737aec9337ca2c2
13.250.117.47,AVAILABILITY,origin.list,origin.list,2023-05-24 05:16:46.309176,3fc0140e1737aec9337ca2c2
13.250.23.8,AVAILABILITY,origin.list,origin.list,2023-05-24 05:16:46.347825,3fc0140e1737aec9337ca2c2
13.250.51.162,AVAILABILITY,origin.list,origin.list,2023-05-24 05:16:46.414154,3fc0140e1737aec9337ca2c2
15.197.187.100,AVAILABILITY,origin.list,origin.list,2023-05-24 05:16:46.466539,3fc0140e1737aec9337ca2c2
18.138.227.66,AVAILABILITY,origin.list,origin.list,2023-05-24 05:16:46.557270,3fc0140e1737aec9337ca2c2
18.141.153.7,AVAILABILITY,origin.list,origin.list,2023-05-24 05:16:46.582459,3fc0140e1737aec9337ca2c2
18.141.218.4,AVAILABILITY,origin.list,origin.list,2023-05-24 05:16:46.614733,3fc0140e1737aec9337ca2c2
18.141.236.123,AVAILABILITY,origin.list,origin.list,2023-05-24 05:16:46.669804,3fc0140e1737aec9337ca2c2
18.143.107.111,AVAILABILITY,origin.list,origin.list,2023-05-24 05:16:46.724355,3fc0140e1737aec9337ca2c2
18.143.116.20,AVAILABILITY,origin.list,origin.list,2023-05-24 05:16:46.822822,3fc0140e1737aec9337ca2c2
18.143.180.66,AVAILABILITY,origin.list,origin.list,2023-05-24 05:16:46.841263,3fc0140e1737aec9337ca2c2
18.162.146.22,AVAILABILITY,origin.list,origin.list,2023-05-24 05:16:46.875335,3fc0140e1737aec9337ca2c2
18.162.179.164,AVAILABILITY,origin.list,origin.list,2023-05-24 05:16:46.926945,3fc0140e1737aec9337ca2c2
18.166.162.130,AVAILABILITY,origin.list,origin.list,2023-05-24 05:16:46.986360,3fc0140e1737aec9337ca2c2
18.166.245.33,AVAILABILITY,origin.list,origin.list,2023-05-24 05:16:47.088030,3fc0140e1737aec9337ca2c2
18.166.27.223,AVAILABILITY,origin.list,origin.list,2023-05-24 05:16:47.112843,3fc0140e1737aec9337ca2c2
18.167.222.87,AVAILABILITY,origin.list,origin.list,2023-05-24 05:16:47.138231,3fc0140e1737aec9337ca2c2
18.233.68.85,AVAILABILITY,origin.list,origin.list,2023-05-24 05:16:47.181566,3fc0140e1737aec9337ca2c2
18.235.21.239,AVAILABILITY,origin.list,origin.list,2023-05-24 05:16:47.244174,3fc0140e1737aec9337ca2c2
23.109.248.113,AVAILABILITY,origin.list,origin.list,2023-05-24 05:16:48.466805,3fc0140e1737aec9337ca2c2
23.109.87.117,AVAILABILITY,origin.list,origin.list,2023-05-24 05:16:58.592050,3fc0140e1737aec9337ca2c2
23.109.87.155,AVAILABILITY,origin.list,origin.list,2023-05-24 05:16:59.897053,3fc0140e1737aec9337ca2c2
23.109.87.66,AVAILABILITY,origin.list,origin.list,2023-05-24 05:17:02.341222,3fc0140e1737aec9337ca2c2
23.109.87.72,AVAILABILITY,origin.list,origin.list,2023-05-24 05:17:02.795763,3fc0140e1737aec9337ca2c2
23.109.87.73,AVAILABILITY,origin.list,origin.list,2023-05-24 05:17:02.937578,3fc0140e1737aec9337ca2c2
23.109.87.98,AVAILABILITY,origin.list,origin.list,2023-05-24 05:17:03.395226,3fc0140e1737aec9337ca2c2
23.109.87.97,AVAILABILITY,origin.list,origin.list,2023-05-24 05:17:03.545598,3fc0140e1737aec9337ca2c2
23.109.87.80,AVAILABILITY,origin.list,origin.list,2023-05-24 05:17:03.662585,3fc0140e1737aec9337ca2c2
23.88.1.167,AVAILABILITY,origin.list,origin.list,2023-05-24 05:17:04.108753,3fc0140e1737aec9337ca2c2
23.88.1.168,AVAILABILITY,origin.list,origin.list,2023-05-24 05:17:04.152900,3fc0140e1737aec9337ca2c2
23.88.1.169,AVAILABILITY,origin.list,origin.list,2023-05-24 05:17:04.169322,3fc0140e1737aec9337ca2c2
23.88.1.183,AVAILABILITY,origin.list,origin.list,2023-05-24 05:17:04.218394,3fc0140e1737aec9337ca2c2
34.224.231.77,AVAILABILITY,origin.list,origin.list,2023-05-24 05:17:04.245000,3fc0140e1737aec9337ca2c2
34.81.197.230,AVAILABILITY,origin.list,origin.list,2023-05-24 05:17:04.393517,3fc0140e1737aec9337ca2c2
35.194.152.71,AVAILABILITY,origin.list,origin.list,2023-05-24 05:17:04.434273,3fc0140e1737aec9337ca2c2
37.221.67.219,AVAILABILITY,origin.list,origin.list,2023-05-24 05:17:04.551576,3fc0140e1737aec9337ca2c2
43.128.208.240,AVAILABILITY,origin.list,origin.list,2023-05-24 05:17:06.527108,3fc0140e1737aec9337ca2c2
45.117.76.46,AVAILABILITY,origin.list,origin.list,2023-05-24 05:17:08.076942,3fc0140e1737aec9337ca2c2
45.133.216.145,AVAILABILITY,origin.list,origin.list,2023-05-24 05:17:08.109919,3fc0140e1737aec9337ca2c2
45.133.216.170,AVAILABILITY,origin.list,origin.list,2023-05-24 05:17:08.118488,3fc0140e1737aec9337ca2c2
43.225.47.90,AVAILABILITY,origin.list,origin.list,2023-05-24 05:17:08.398505,3fc0140e1737aec9337ca2c2
45.133.216.249,AVAILABILITY,origin.list,origin.list,2023-05-24 05:17:08.455219,3fc0140e1737aec9337ca2c2
43.225.47.93,AVAILABILITY,origin.list,origin.list,2023-05-24 05:17:08.483994,3fc0140e1737aec9337ca2c2
45.140.146.169,AVAILABILITY,origin.list,origin.list,2023-05-24 05:17:25.451057,3fc0140e1737aec9337ca2c2
45.142.212.100,AVAILABILITY,origin.list,origin.list,2023-05-24 05:17:26.543266,3fc0140e1737aec9337ca2c2
45.142.215.50,AVAILABILITY,origin.list,origin.list,2023-05-24 05:17:26.657642,3fc0140e1737aec9337ca2c2
45.142.215.92,AVAILABILITY,origin.list,origin.list,2023-05-24 05:17:26.707414,3fc0140e1737aec9337ca2c2
45.150.67.175,AVAILABILITY,origin.list,origin.list,2023-05-24 05:17:35.057378,3fc0140e1737aec9337ca2c2
45.153.230.183,AVAILABILITY,origin.list,origin.list,2023-05-24 05:17:35.181499,3fc0140e1737aec9337ca2c2
45.159.251.21,AVAILABILITY,origin.list,origin.list,2023-05-24 05:17:35.397087,3fc0140e1737aec9337ca2c2
45.60.195.181,AVAILABILITY,origin.list,origin.list,2023-05-24 05:17:44.818412,3fc0140e1737aec9337ca2c2
45.60.196.64,AVAILABILITY,origin.list,origin.list,2023-05-24 05:17:44.986785,3fc0140e1737aec9337ca2c2
45.60.195.77,AVAILABILITY,origin.list,origin.list,2023-05-24 05:17:45.117827,3fc0140e1737aec9337ca2c2
45.67.34.152,AVAILABILITY,origin.list,origin.list,2023-05-24 05:17:45.192810,3fc0140e1737aec9337ca2c2
45.67.34.234,AVAILABILITY,origin.list,origin.list,2023-05-24 05:17:45.365682,3fc0140e1737aec9337ca2c2
45.60.200.33,AVAILABILITY,origin.list,origin.list,2023-05-24 05:17:45.459127,3fc0140e1737aec9337ca2c2
45.67.34.238,AVAILABILITY,origin.list,origin.list,2023-05-24 05:17:45.499808,3fc0140e1737aec9337ca2c2
45.60.199.77,AVAILABILITY,origin.list,origin.list,2023-05-24 05:17:45.515363,3fc0140e1737aec9337ca2c2
45.84.0.152,AVAILABILITY,origin.list,origin.list,2023-05-24 05:17:45.582966,3fc0140e1737aec9337ca2c2
54.179.208.197,AVAILABILITY,origin.list,origin.list,2023-05-24 05:17:46.542340,3fc0140e1737aec9337ca2c2
54.254.200.20,AVAILABILITY,origin.list,origin.list,2023-05-24 05:17:46.707133,3fc0140e1737aec9337ca2c2
54.254.253.188,AVAILABILITY,origin.list,origin.list,2023-05-24 05:17:46.736809,3fc0140e1737aec9337ca2c2
46.8.8.200,AVAILABILITY,origin.list,origin.list,2023-05-24 05:17:46.999527,3fc0140e1737aec9337ca2c2
67.211.71.199,AVAILABILITY,origin.list,origin.list,2023-05-24 05:17:47.480753,3fc0140e1737aec9337ca2c2
67.211.71.200,AVAILABILITY,origin.list,origin.list,2023-05-24 05:17:47.537322,3fc0140e1737aec9337ca2c2
67.211.71.48,AVAILABILITY,origin.list,origin.list,2023-05-24 05:17:47.859542,3fc0140e1737aec9337ca2c2
63.251.235.76,AVAILABILITY,origin.list,origin.list,2023-05-24 05:17:48.225747,3fc0140e1737aec9337ca2c2
74.119.193.57,AVAILABILITY,origin.list,origin.list,2023-05-24 05:17:48.238196,3fc0140e1737aec9337ca2c2
46.102.106.109,AVAILABILITY,origin.list,origin.list,2023-05-24 05:17:48.341608,3fc0140e1737aec9337ca2c2
77.91.102.115,AVAILABILITY,origin.list,origin.list,2023-05-24 05:17:48.359918,3fc0140e1737aec9337ca2c2
77.91.102.88,AVAILABILITY,origin.list,origin.list,2023-05-24 05:17:48.607007,3fc0140e1737aec9337ca2c2
77.91.103.31,AVAILABILITY,origin.list,origin.list,2023-05-24 05:17:48.612143,3fc0140e1737aec9337ca2c2
77.91.74.67,AVAILABILITY,origin.list,origin.list,2023-05-24 05:17:48.728348,3fc0140e1737aec9337ca2c2
69.176.90.242,AVAILABILITY,origin.list,origin.list,2023-05-24 05:17:49.089045,3fc0140e1737aec9337ca2c2
85.239.34.235,AVAILABILITY,origin.list,origin.list,2023-05-24 05:17:49.108531,3fc0140e1737aec9337ca2c2
94.140.114.231,AVAILABILITY,origin.list,origin.list,2023-05-24 05:17:49.474239,3fc0140e1737aec9337ca2c2
94.158.244.119,AVAILABILITY,origin.list,origin.list,2023-05-24 05:17:49.855704,3fc0140e1737aec9337ca2c2
85.208.117.137,AVAILABILITY,origin.list,origin.list,2023-05-24 05:17:49.937909,3fc0140e1737aec9337ca2c2
94.158.244.213,AVAILABILITY,origin.list,origin.list,2023-05-24 05:17:50.236679,3fc0140e1737aec9337ca2c2
94.158.247.24,AVAILABILITY,origin.list,origin.list,2023-05-24 05:17:50.314106,3fc0140e1737aec9337ca2c2
94.241.132.1,AVAILABILITY,origin.list,origin.list,2023-05-24 05:17:50.831300,3fc0140e1737aec9337ca2c2
94.241.132.10,AVAILABILITY,origin.list,origin.list,2023-05-24 05:17:51.026510,3fc0140e1737aec9337ca2c2
94.241.132.131,AVAILABILITY,origin.list,origin.list,2023-05-24 05:17:51.472119,3fc0140e1737aec9337ca2c2
94.241.132.2,AVAILABILITY,origin.list,origin.list,2023-05-24 05:17:51.781952,3fc0140e1737aec9337ca2c2
85.192.12.169,AVAILABILITY,origin.list,origin.list,2023-05-24 05:17:51.837457,3fc0140e1737aec9337ca2c2
85.192.12.170,AVAILABILITY,origin.list,origin.list,2023-05-24 05:17:51.991384,3fc0140e1737aec9337ca2c2
94.241.132.3,AVAILABILITY,origin.list,origin.list,2023-05-24 05:17:52.060051,3fc0140e1737aec9337ca2c2
94.241.132.4,AVAILABILITY,origin.list,origin.list,2023-05-24 05:17:52.458960,3fc0140e1737aec9337ca2c2
94.241.132.7,AVAILABILITY,origin.list,origin.list,2023-05-24 05:17:52.474135,3fc0140e1737aec9337ca2c2
94.241.133.5,AVAILABILITY,origin.list,origin.list,2023-05-24 05:17:52.654284,3fc0140e1737aec9337ca2c2
94.241.133.4,AVAILABILITY,origin.list,origin.list,2023-05-24 05:17:52.718508,3fc0140e1737aec9337ca2c2
88.208.46.156,AVAILABILITY,origin.list,origin.list,2023-05-24 05:17:52.790245,3fc0140e1737aec9337ca2c2
99.83.170.124,AVAILABILITY,origin.list,origin.list,2023-05-24 05:17:52.983797,3fc0140e1737aec9337ca2c2
94.241.133.9,AVAILABILITY,origin.list,origin.list,2023-05-24 05:17:53.049552,3fc0140e1737aec9337ca2c2
103.126.138.214,AVAILABILITY,origin.list,origin.list,2023-05-24 05:17:53.120206,3fc0140e1737aec9337ca2c2
94.241.134.1,AVAILABILITY,origin.list,origin.list,2023-05-24 05:17:53.122805,3fc0140e1737aec9337ca2c2
94.241.134.4,AVAILABILITY,origin.list,origin.list,2023-05-24 05:17:53.317438,3fc0140e1737aec9337ca2c2
103.146.140.125,AVAILABILITY,origin.list,origin.list,2023-05-24 05:17:54.567622,3fc0140e1737aec9337ca2c2
104.140.112.194,AVAILABILITY,origin.list,origin.list,2023-05-24 05:18:01.262043,3fc0140e1737aec9337ca2c2
103.20.145.30,AVAILABILITY,origin.list,origin.list,2023-05-24 05:18:01.300841,3fc0140e1737aec9337ca2c2
103.206.23.236,AVAILABILITY,origin.list,origin.list,2023-05-24 05:18:01.453540,3fc0140e1737aec9337ca2c2
104.140.112.195,AVAILABILITY,origin.list,origin.list,2023-05-24 05:18:01.548336,3fc0140e1737aec9337ca2c2
104.140.112.196,AVAILABILITY,origin.list,origin.list,2023-05-24 05:18:01.587954,3fc0140e1737aec9337ca2c2
104.140.112.197,AVAILABILITY,origin.list,origin.list,2023-05-24 05:18:01.740879,3fc0140e1737aec9337ca2c2
104.140.112.198,AVAILABILITY,origin.list,origin.list,2023-05-24 05:18:01.835311,3fc0140e1737aec9337ca2c2
104.140.112.199,AVAILABILITY,origin.list,origin.list,2023-05-24 05:18:01.874553,3fc0140e1737aec9337ca2c2
104.140.112.200,AVAILABILITY,origin.list,origin.list,2023-05-24 05:18:02.031149,3fc0140e1737aec9337ca2c2
104.140.112.201,AVAILABILITY,origin.list,origin.list,2023-05-24 05:18:02.122730,3fc0140e1737aec9337ca2c2
104.140.112.202,AVAILABILITY,origin.list,origin.list,2023-05-24 05:18:02.164681,3fc0140e1737aec9337ca2c2
104.140.112.203,AVAILABILITY,origin.list,origin.list,2023-05-24 05:18:02.321439,3fc0140e1737aec9337ca2c2
104.140.112.204,AVAILABILITY,origin.list,origin.list,2023-05-24 05:18:02.412696,3fc0140e1737aec9337ca2c2
104.140.112.205,AVAILABILITY,origin.list,origin.list,2023-05-24 05:18:02.453235,3fc0140e1737aec9337ca2c2
104.140.112.206,AVAILABILITY,origin.list,origin.list,2023-05-24 05:18:02.654799,3fc0140e1737aec9337ca2c2
104.140.112.207,AVAILABILITY,origin.list,origin.list,2023-05-24 05:18:02.705667,3fc0140e1737aec9337ca2c2
104.140.112.208,AVAILABILITY,origin.list,origin.list,2023-05-24 05:18:02.742774,3fc0140e1737aec9337ca2c2
104.140.112.209,AVAILABILITY,origin.list,origin.list,2023-05-24 05:18:02.944879,3fc0140e1737aec9337ca2c2
104.140.112.210,AVAILABILITY,origin.list,origin.list,2023-05-24 05:18:02.999106,3fc0140e1737aec9337ca2c2
104.140.112.211,AVAILABILITY,origin.list,origin.list,2023-05-24 05:18:03.031057,3fc0140e1737aec9337ca2c2
104.140.112.212,AVAILABILITY,origin.list,origin.list,2023-05-24 05:18:03.233495,3fc0140e1737aec9337ca2c2
104.140.112.213,AVAILABILITY,origin.list,origin.list,2023-05-24 05:18:03.292126,3fc0140e1737aec9337ca2c2
104.140.112.214,AVAILABILITY,origin.list,origin.list,2023-05-24 05:18:03.320744,3fc0140e1737aec9337ca2c2
104.140.112.216,AVAILABILITY,origin.list,origin.list,2023-05-24 05:18:03.529177,3fc0140e1737aec9337ca2c2
104.140.112.217,AVAILABILITY,origin.list,origin.list,2023-05-24 05:18:03.578854,3fc0140e1737aec9337ca2c2
104.140.112.218,AVAILABILITY,origin.list,origin.list,2023-05-24 05:18:03.613143,3fc0140e1737aec9337ca2c2
104.140.112.219,AVAILABILITY,origin.list,origin.list,2023-05-24 05:18:03.826288,3fc0140e1737aec9337ca2c2
104.140.112.220,AVAILABILITY,origin.list,origin.list,2023-05-24 05:18:03.866908,3fc0140e1737aec9337ca2c2
104.140.112.221,AVAILABILITY,origin.list,origin.list,2023-05-24 05:18:03.902163,3fc0140e1737aec9337ca2c2
104.140.112.222,AVAILABILITY,origin.list,origin.list,2023-05-24 05:18:04.117144,3fc0140e1737aec9337ca2c2
104.140.112.223,AVAILABILITY,origin.list,origin.list,2023-05-24 05:18:04.158582,3fc0140e1737aec9337ca2c2
104.140.112.224,AVAILABILITY,origin.list,origin.list,2023-05-24 05:18:04.192336,3fc0140e1737aec9337ca2c2
104.140.112.225,AVAILABILITY,origin.list,origin.list,2023-05-24 05:18:04.407635,3fc0140e1737aec9337ca2c2
104.140.112.226,AVAILABILITY,origin.list,origin.list,2023-05-24 05:18:04.450752,3fc0140e1737aec9337ca2c2
104.140.112.227,AVAILABILITY,origin.list,origin.list,2023-05-24 05:18:04.483525,3fc0140e1737aec9337ca2c2
104.140.112.228,AVAILABILITY,origin.list,origin.list,2023-05-24 05:18:04.697652,3fc0140e1737aec9337ca2c2
104.140.112.229,AVAILABILITY,origin.list,origin.list,2023-05-24 05:18:04.738156,3fc0140e1737aec9337ca2c2
104.140.112.230,AVAILABILITY,origin.list,origin.list,2023-05-24 05:18:04.773058,3fc0140e1737aec9337ca2c2
104.140.112.231,AVAILABILITY,origin.list,origin.list,2023-05-24 05:18:04.986709,3fc0140e1737aec9337ca2c2
104.140.112.232,AVAILABILITY,origin.list,origin.list,2023-05-24 05:18:05.026700,3fc0140e1737aec9337ca2c2
104.140.112.233,AVAILABILITY,origin.list,origin.list,2023-05-24 05:18:05.066169,3fc0140e1737aec9337ca2c2
104.140.112.234,AVAILABILITY,origin.list,origin.list,2023-05-24 05:18:05.277346,3fc0140e1737aec9337ca2c2
104.140.112.235,AVAILABILITY,origin.list,origin.list,2023-05-24 05:18:05.312960,3fc0140e1737aec9337ca2c2
104.140.112.236,AVAILABILITY,origin.list,origin.list,2023-05-24 05:18:05.354164,3fc0140e1737aec9337ca2c2
104.140.112.237,AVAILABILITY,origin.list,origin.list,2023-05-24 05:18:05.564801,3fc0140e1737aec9337ca2c2
104.140.112.238,AVAILABILITY,origin.list,origin.list,2023-05-24 05:18:05.601269,3fc0140e1737aec9337ca2c2
104.140.112.239,AVAILABILITY,origin.list,origin.list,2023-05-24 05:18:05.643808,3fc0140e1737aec9337ca2c2
104.140.112.240,AVAILABILITY,origin.list,origin.list,2023-05-24 05:18:05.855581,3fc0140e1737aec9337ca2c2
104.140.112.241,AVAILABILITY,origin.list,origin.list,2023-05-24 05:18:05.892320,3fc0140e1737aec9337ca2c2
104.140.112.242,AVAILABILITY,origin.list,origin.list,2023-05-24 05:18:05.932846,3fc0140e1737aec9337ca2c2
104.140.112.243,AVAILABILITY,origin.list,origin.list,2023-05-24 05:18:06.142750,3fc0140e1737aec9337ca2c2
104.140.112.244,AVAILABILITY,origin.list,origin.list,2023-05-24 05:18:06.179370,3fc0140e1737aec9337ca2c2
104.140.112.245,AVAILABILITY,origin.list,origin.list,2023-05-24 05:18:06.220441,3fc0140e1737aec9337ca2c2
104.140.112.246,AVAILABILITY,origin.list,origin.list,2023-05-24 05:18:06.433922,3fc0140e1737aec9337ca2c2
104.140.112.247,AVAILABILITY,origin.list,origin.list,2023-05-24 05:18:06.467354,3fc0140e1737aec9337ca2c2
104.140.112.248,AVAILABILITY,origin.list,origin.list,2023-05-24 05:18:06.510181,3fc0140e1737aec9337ca2c2
104.140.112.249,AVAILABILITY,origin.list,origin.list,2023-05-24 05:18:06.721887,3fc0140e1737aec9337ca2c2
104.140.112.250,AVAILABILITY,origin.list,origin.list,2023-05-24 05:18:06.756308,3fc0140e1737aec9337ca2c2
104.140.112.251,AVAILABILITY,origin.list,origin.list,2023-05-24 05:18:06.798011,3fc0140e1737aec9337ca2c2
104.140.112.252,AVAILABILITY,origin.list,origin.list,2023-05-24 05:18:07.011945,3fc0140e1737aec9337ca2c2
104.140.112.253,AVAILABILITY,origin.list,origin.list,2023-05-24 05:18:07.044277,3fc0140e1737aec9337ca2c2
104.140.112.254,AVAILABILITY,origin.list,origin.list,2023-05-24 05:18:07.086663,3fc0140e1737aec9337ca2c2
104.140.19.130,AVAILABILITY,origin.list,origin.list,2023-05-24 05:18:07.298748,3fc0140e1737aec9337ca2c2
104.140.19.131,AVAILABILITY,origin.list,origin.list,2023-05-24 05:18:07.332842,3fc0140e1737aec9337ca2c2
104.140.19.132,AVAILABILITY,origin.list,origin.list,2023-05-24 05:18:07.380549,3fc0140e1737aec9337ca2c2
104.140.19.133,AVAILABILITY,origin.list,origin.list,2023-05-24 05:18:07.589742,3fc0140e1737aec9337ca2c2
104.140.19.134,AVAILABILITY,origin.list,origin.list,2023-05-24 05:18:07.624018,3fc0140e1737aec9337ca2c2
104.140.19.135,AVAILABILITY,origin.list,origin.list,2023-05-24 05:18:07.669413,3fc0140e1737aec9337ca2c2
104.140.19.136,AVAILABILITY,origin.list,origin.list,2023-05-24 05:18:07.878435,3fc0140e1737aec9337ca2c2
104.140.19.137,AVAILABILITY,origin.list,origin.list,2023-05-24 05:18:07.911860,3fc0140e1737aec9337ca2c2
103.127.80.212,AVAILABILITY,origin.list,origin.list,2023-05-24 05:18:07.932779,3fc0140e1737aec9337ca2c2
104.140.19.138,AVAILABILITY,origin.list,origin.list,2023-05-24 05:18:07.957345,3fc0140e1737aec9337ca2c2
103.127.80.214,AVAILABILITY,origin.list,origin.list,2023-05-24 05:18:08.131009,3fc0140e1737aec9337ca2c2
104.140.19.139,AVAILABILITY,origin.list,origin.list,2023-05-24 05:18:08.170504,3fc0140e1737aec9337ca2c2
104.140.19.140,AVAILABILITY,origin.list,origin.list,2023-05-24 05:18:08.206779,3fc0140e1737aec9337ca2c2
104.140.19.141,AVAILABILITY,origin.list,origin.list,2023-05-24 05:18:08.236672,3fc0140e1737aec9337ca2c2
104.140.19.142,AVAILABILITY,origin.list,origin.list,2023-05-24 05:18:08.257154,3fc0140e1737aec9337ca2c2
104.140.19.143,AVAILABILITY,origin.list,origin.list,2023-05-24 05:18:08.422127,3fc0140e1737aec9337ca2c2
104.140.19.144,AVAILABILITY,origin.list,origin.list,2023-05-24 05:18:08.462596,3fc0140e1737aec9337ca2c2
104.140.19.145,AVAILABILITY,origin.list,origin.list,2023-05-24 05:18:08.498392,3fc0140e1737aec9337ca2c2
104.140.19.146,AVAILABILITY,origin.list,origin.list,2023-05-24 05:18:08.526730,3fc0140e1737aec9337ca2c2
104.140.19.147,AVAILABILITY,origin.list,origin.list,2023-05-24 05:18:08.545707,3fc0140e1737aec9337ca2c2
104.140.19.148,AVAILABILITY,origin.list,origin.list,2023-05-24 05:18:08.710916,3fc0140e1737aec9337ca2c2
104.140.19.149,AVAILABILITY,origin.list,origin.list,2023-05-24 05:18:08.751277,3fc0140e1737aec9337ca2c2
104.140.19.150,AVAILABILITY,origin.list,origin.list,2023-05-24 05:18:08.800330,3fc0140e1737aec9337ca2c2
104.140.19.151,AVAILABILITY,origin.list,origin.list,2023-05-24 05:18:08.821117,3fc0140e1737aec9337ca2c2
104.140.19.152,AVAILABILITY,origin.list,origin.list,2023-05-24 05:18:08.837308,3fc0140e1737aec9337ca2c2
104.140.19.153,AVAILABILITY,origin.list,origin.list,2023-05-24 05:18:08.998952,3fc0140e1737aec9337ca2c2
104.140.19.154,AVAILABILITY,origin.list,origin.list,2023-05-24 05:18:09.049751,3fc0140e1737aec9337ca2c2
104.140.19.155,AVAILABILITY,origin.list,origin.list,2023-05-24 05:18:09.098785,3fc0140e1737aec9337ca2c2
104.140.19.156,AVAILABILITY,origin.list,origin.list,2023-05-24 05:18:09.115502,3fc0140e1737aec9337ca2c2
104.140.19.157,AVAILABILITY,origin.list,origin.list,2023-05-24 05:18:09.132930,3fc0140e1737aec9337ca2c2
104.140.19.158,AVAILABILITY,origin.list,origin.list,2023-05-24 05:18:09.287299,3fc0140e1737aec9337ca2c2
104.140.19.159,AVAILABILITY,origin.list,origin.list,2023-05-24 05:18:09.341815,3fc0140e1737aec9337ca2c2
104.140.19.160,AVAILABILITY,origin.list,origin.list,2023-05-24 05:18:09.388630,3fc0140e1737aec9337ca2c2
104.140.19.161,AVAILABILITY,origin.list,origin.list,2023-05-24 05:18:09.413537,3fc0140e1737aec9337ca2c2
104.140.19.162,AVAILABILITY,origin.list,origin.list,2023-05-24 05:18:09.425382,3fc0140e1737aec9337ca2c2
104.140.19.163,AVAILABILITY,origin.list,origin.list,2023-05-24 05:18:09.579745,3fc0140e1737aec9337ca2c2
104.140.19.164,AVAILABILITY,origin.list,origin.list,2023-05-24 05:18:09.629120,3fc0140e1737aec9337ca2c2
104.140.19.165,AVAILABILITY,origin.list,origin.list,2023-05-24 05:18:09.691693,3fc0140e1737aec9337ca2c2
104.140.19.166,AVAILABILITY,origin.list,origin.list,2023-05-24 05:18:09.711960,3fc0140e1737aec9337ca2c2
104.140.19.167,AVAILABILITY,origin.list,origin.list,2023-05-24 05:18:09.721782,3fc0140e1737aec9337ca2c2
104.140.19.168,AVAILABILITY,origin.list,origin.list,2023-05-24 05:18:09.872501,3fc0140e1737aec9337ca2c2
104.140.19.169,AVAILABILITY,origin.list,origin.list,2023-05-24 05:18:09.921354,3fc0140e1737aec9337ca2c2
104.140.19.170,AVAILABILITY,origin.list,origin.list,2023-05-24 05:18:09.997897,3fc0140e1737aec9337ca2c2
104.140.19.171,AVAILABILITY,origin.list,origin.list,2023-05-24 05:18:10.006738,3fc0140e1737aec9337ca2c2
104.140.19.172,AVAILABILITY,origin.list,origin.list,2023-05-24 05:18:10.023816,3fc0140e1737aec9337ca2c2
104.140.19.173,AVAILABILITY,origin.list,origin.list,2023-05-24 05:18:10.164915,3fc0140e1737aec9337ca2c2
104.140.19.174,AVAILABILITY,origin.list,origin.list,2023-05-24 05:18:10.210408,3fc0140e1737aec9337ca2c2
104.140.19.176,AVAILABILITY,origin.list,origin.list,2023-05-24 05:18:10.299206,3fc0140e1737aec9337ca2c2
104.140.19.175,AVAILABILITY,origin.list,origin.list,2023-05-24 05:18:10.303591,3fc0140e1737aec9337ca2c2
104.140.19.177,AVAILABILITY,origin.list,origin.list,2023-05-24 05:18:10.329964,3fc0140e1737aec9337ca2c2
104.140.19.178,AVAILABILITY,origin.list,origin.list,2023-05-24 05:18:10.455029,3fc0140e1737aec9337ca2c2
104.140.19.179,AVAILABILITY,origin.list,origin.list,2023-05-24 05:18:10.514798,3fc0140e1737aec9337ca2c2
104.140.19.181,AVAILABILITY,origin.list,origin.list,2023-05-24 05:18:10.596421,3fc0140e1737aec9337ca2c2
104.140.19.180,AVAILABILITY,origin.list,origin.list,2023-05-24 05:18:10.605602,3fc0140e1737aec9337ca2c2
104.140.19.182,AVAILABILITY,origin.list,origin.list,2023-05-24 05:18:10.625543,3fc0140e1737aec9337ca2c2
104.140.19.183,AVAILABILITY,origin.list,origin.list,2023-05-24 05:18:10.742848,3fc0140e1737aec9337ca2c2
104.140.19.184,AVAILABILITY,origin.list,origin.list,2023-05-24 05:18:10.810839,3fc0140e1737aec9337ca2c2
104.140.19.186,AVAILABILITY,origin.list,origin.list,2023-05-24 05:18:10.894445,3fc0140e1737aec9337ca2c2
104.140.19.185,AVAILABILITY,origin.list,origin.list,2023-05-24 05:18:10.905342,3fc0140e1737aec9337ca2c2
104.140.19.187,AVAILABILITY,origin.list,origin.list,2023-05-24 05:18:10.924057,3fc0140e1737aec9337ca2c2
104.140.19.188,AVAILABILITY,origin.list,origin.list,2023-05-24 05:18:11.031910,3fc0140e1737aec9337ca2c2
104.140.19.189,AVAILABILITY,origin.list,origin.list,2023-05-24 05:18:11.110837,3fc0140e1737aec9337ca2c2
104.140.19.190,AVAILABILITY,origin.list,origin.list,2023-05-24 05:18:11.193953,3fc0140e1737aec9337ca2c2
104.140.19.195,AVAILABILITY,origin.list,origin.list,2023-05-24 05:18:11.211669,3fc0140e1737aec9337ca2c2
104.140.19.194,AVAILABILITY,origin.list,origin.list,2023-05-24 05:18:11.218424,3fc0140e1737aec9337ca2c2
104.140.19.196,AVAILABILITY,origin.list,origin.list,2023-05-24 05:18:11.324950,3fc0140e1737aec9337ca2c2
104.140.19.197,AVAILABILITY,origin.list,origin.list,2023-05-24 05:18:11.404477,3fc0140e1737aec9337ca2c2
104.140.19.198,AVAILABILITY,origin.list,origin.list,2023-05-24 05:18:11.486377,3fc0140e1737aec9337ca2c2
104.140.19.199,AVAILABILITY,origin.list,origin.list,2023-05-24 05:18:11.512913,3fc0140e1737aec9337ca2c2
104.140.19.200,AVAILABILITY,origin.list,origin.list,2023-05-24 05:18:11.516076,3fc0140e1737aec9337ca2c2
104.140.19.201,AVAILABILITY,origin.list,origin.list,2023-05-24 05:18:11.616252,3fc0140e1737aec9337ca2c2
104.140.19.202,AVAILABILITY,origin.list,origin.list,2023-05-24 05:18:11.698895,3fc0140e1737aec9337ca2c2
104.140.19.204,AVAILABILITY,origin.list,origin.list,2023-05-24 05:18:11.800444,3fc0140e1737aec9337ca2c2
104.140.19.203,AVAILABILITY,origin.list,origin.list,2023-05-24 05:18:11.802793,3fc0140e1737aec9337ca2c2
104.140.19.205,AVAILABILITY,origin.list,origin.list,2023-05-24 05:18:11.820513,3fc0140e1737aec9337ca2c2
104.140.19.206,AVAILABILITY,origin.list,origin.list,2023-05-24 05:18:11.908072,3fc0140e1737aec9337ca2c2
104.140.19.207,AVAILABILITY,origin.list,origin.list,2023-05-24 05:18:11.988402,3fc0140e1737aec9337ca2c2
104.140.19.208,AVAILABILITY,origin.list,origin.list,2023-05-24 05:18:12.090608,3fc0140e1737aec9337ca2c2
104.140.19.209,AVAILABILITY,origin.list,origin.list,2023-05-24 05:18:12.111182,3fc0140e1737aec9337ca2c2
104.140.19.210,AVAILABILITY,origin.list,origin.list,2023-05-24 05:18:12.118054,3fc0140e1737aec9337ca2c2
104.140.19.211,AVAILABILITY,origin.list,origin.list,2023-05-24 05:18:12.195804,3fc0140e1737aec9337ca2c2
104.140.19.212,AVAILABILITY,origin.list,origin.list,2023-05-24 05:18:12.279552,3fc0140e1737aec9337ca2c2
104.140.19.213,AVAILABILITY,origin.list,origin.list,2023-05-24 05:18:12.392927,3fc0140e1737aec9337ca2c2
104.140.19.214,AVAILABILITY,origin.list,origin.list,2023-05-24 05:18:12.400697,3fc0140e1737aec9337ca2c2
104.140.19.215,AVAILABILITY,origin.list,origin.list,2023-05-24 05:18:12.422874,3fc0140e1737aec9337ca2c2
104.140.19.216,AVAILABILITY,origin.list,origin.list,2023-05-24 05:18:12.485422,3fc0140e1737aec9337ca2c2
104.140.19.217,AVAILABILITY,origin.list,origin.list,2023-05-24 05:18:12.569136,3fc0140e1737aec9337ca2c2
104.140.19.219,AVAILABILITY,origin.list,origin.list,2023-05-24 05:18:12.694056,3fc0140e1737aec9337ca2c2
104.140.19.218,AVAILABILITY,origin.list,origin.list,2023-05-24 05:18:12.702966,3fc0140e1737aec9337ca2c2
104.140.19.220,AVAILABILITY,origin.list,origin.list,2023-05-24 05:18:12.719700,3fc0140e1737aec9337ca2c2
104.140.19.221,AVAILABILITY,origin.list,origin.list,2023-05-24 05:18:12.780732,3fc0140e1737aec9337ca2c2
104.140.19.222,AVAILABILITY,origin.list,origin.list,2023-05-24 05:18:12.858062,3fc0140e1737aec9337ca2c2
104.140.19.223,AVAILABILITY,origin.list,origin.list,2023-05-24 05:18:12.981273,3fc0140e1737aec9337ca2c2
104.140.19.224,AVAILABILITY,origin.list,origin.list,2023-05-24 05:18:13.009270,3fc0140e1737aec9337ca2c2
104.140.19.225,AVAILABILITY,origin.list,origin.list,2023-05-24 05:18:13.015718,3fc0140e1737aec9337ca2c2
104.140.19.226,AVAILABILITY,origin.list,origin.list,2023-05-24 05:18:13.074059,3fc0140e1737aec9337ca2c2
104.140.19.227,AVAILABILITY,origin.list,origin.list,2023-05-24 05:18:13.151859,3fc0140e1737aec9337ca2c2
104.140.19.228,AVAILABILITY,origin.list,origin.list,2023-05-24 05:18:13.272468,3fc0140e1737aec9337ca2c2
104.140.19.230,AVAILABILITY,origin.list,origin.list,2023-05-24 05:18:13.307287,3fc0140e1737aec9337ca2c2
104.140.19.229,AVAILABILITY,origin.list,origin.list,2023-05-24 05:18:13.314733,3fc0140e1737aec9337ca2c2
104.140.19.231,AVAILABILITY,origin.list,origin.list,2023-05-24 05:18:13.368584,3fc0140e1737aec9337ca2c2
104.140.19.232,AVAILABILITY,origin.list,origin.list,2023-05-24 05:18:13.440916,3fc0140e1737aec9337ca2c2
104.140.19.233,AVAILABILITY,origin.list,origin.list,2023-05-24 05:18:13.561412,3fc0140e1737aec9337ca2c2
104.140.19.234,AVAILABILITY,origin.list,origin.list,2023-05-24 05:18:13.600345,3fc0140e1737aec9337ca2c2
104.140.19.235,AVAILABILITY,origin.list,origin.list,2023-05-24 05:18:13.606383,3fc0140e1737aec9337ca2c2
104.140.19.236,AVAILABILITY,origin.list,origin.list,2023-05-24 05:18:13.658684,3fc0140e1737aec9337ca2c2
104.140.19.237,AVAILABILITY,origin.list,origin.list,2023-05-24 05:18:13.730901,3fc0140e1737aec9337ca2c2
104.140.19.238,AVAILABILITY,origin.list,origin.list,2023-05-24 05:18:13.849616,3fc0140e1737aec9337ca2c2
104.140.19.239,AVAILABILITY,origin.list,origin.list,2023-05-24 05:18:13.889501,3fc0140e1737aec9337ca2c2
104.140.19.240,AVAILABILITY,origin.list,origin.list,2023-05-24 05:18:13.895349,3fc0140e1737aec9337ca2c2
104.140.19.241,AVAILABILITY,origin.list,origin.list,2023-05-24 05:18:13.947206,3fc0140e1737aec9337ca2c2
104.140.19.242,AVAILABILITY,origin.list,origin.list,2023-05-24 05:18:14.019237,3fc0140e1737aec9337ca2c2
104.140.19.243,AVAILABILITY,origin.list,origin.list,2023-05-24 05:18:14.137381,3fc0140e1737aec9337ca2c2
104.140.19.244,AVAILABILITY,origin.list,origin.list,2023-05-24 05:18:14.180876,3fc0140e1737aec9337ca2c2
104.140.19.245,AVAILABILITY,origin.list,origin.list,2023-05-24 05:18:14.188322,3fc0140e1737aec9337ca2c2
104.140.19.246,AVAILABILITY,origin.list,origin.list,2023-05-24 05:18:14.236466,3fc0140e1737aec9337ca2c2
104.140.19.247,AVAILABILITY,origin.list,origin.list,2023-05-24 05:18:14.308095,3fc0140e1737aec9337ca2c2
104.140.19.248,AVAILABILITY,origin.list,origin.list,2023-05-24 05:18:14.431685,3fc0140e1737aec9337ca2c2
104.140.19.249,AVAILABILITY,origin.list,origin.list,2023-05-24 05:18:14.479193,3fc0140e1737aec9337ca2c2
104.140.19.250,AVAILABILITY,origin.list,origin.list,2023-05-24 05:18:14.480362,3fc0140e1737aec9337ca2c2
104.140.19.251,AVAILABILITY,origin.list,origin.list,2023-05-24 05:18:14.532881,3fc0140e1737aec9337ca2c2
104.140.19.252,AVAILABILITY,origin.list,origin.list,2023-05-24 05:18:14.599170,3fc0140e1737aec9337ca2c2
104.140.19.253,AVAILABILITY,origin.list,origin.list,2023-05-24 05:18:14.720787,3fc0140e1737aec9337ca2c2
104.140.19.254,AVAILABILITY,origin.list,origin.list,2023-05-24 05:18:14.770279,3fc0140e1737aec9337ca2c2
104.18.0.125,AVAILABILITY,origin.list,origin.list,2023-05-24 05:18:14.791308,3fc0140e1737aec9337ca2c2
104.18.30.232,AVAILABILITY,origin.list,origin.list,2023-05-24 05:18:14.920488,3fc0140e1737aec9337ca2c2
104.18.31.232,AVAILABILITY,origin.list,origin.list,2023-05-24 05:18:14.980357,3fc0140e1737aec9337ca2c2
104.206.124.37,AVAILABILITY,origin.list,origin.list,2023-05-24 05:18:15.009742,3fc0140e1737aec9337ca2c2
104.206.124.38,AVAILABILITY,origin.list,origin.list,2023-05-24 05:18:15.059460,3fc0140e1737aec9337ca2c2
104.206.124.40,AVAILABILITY,origin.list,origin.list,2023-05-24 05:18:15.088537,3fc0140e1737aec9337ca2c2
104.206.124.58,AVAILABILITY,origin.list,origin.list,2023-05-24 05:18:15.209473,3fc0140e1737aec9337ca2c2
104.206.124.62,AVAILABILITY,origin.list,origin.list,2023-05-24 05:18:15.272680,3fc0140e1737aec9337ca2c2
104.233.203.146,AVAILABILITY,origin.list,origin.list,2023-05-24 05:18:19.189268,3fc0140e1737aec9337ca2c2
104.233.203.147,AVAILABILITY,origin.list,origin.list,2023-05-24 05:18:19.212944,3fc0140e1737aec9337ca2c2
104.233.203.148,AVAILABILITY,origin.list,origin.list,2023-05-24 05:18:19.334424,3fc0140e1737aec9337ca2c2
104.233.203.149,AVAILABILITY,origin.list,origin.list,2023-05-24 05:18:19.374830,3fc0140e1737aec9337ca2c2
104.233.207.179,AVAILABILITY,origin.list,origin.list,2023-05-24 05:18:19.886013,3fc0140e1737aec9337ca2c2
104.233.207.180,AVAILABILITY,origin.list,origin.list,2023-05-24 05:18:20.001930,3fc0140e1737aec9337ca2c2
104.233.207.181,AVAILABILITY,origin.list,origin.list,2023-05-24 05:18:20.038043,3fc0140e1737aec9337ca2c2
104.255.229.120,AVAILABILITY,origin.list,origin.list,2023-05-24 05:18:21.534396,3fc0140e1737aec9337ca2c2
104.255.229.121,AVAILABILITY,origin.list,origin.list,2023-05-24 05:18:21.558213,3fc0140e1737aec9337ca2c2
104.255.229.102,AVAILABILITY,origin.list,origin.list,2023-05-24 05:18:21.623583,3fc0140e1737aec9337ca2c2
104.255.229.122,AVAILABILITY,origin.list,origin.list,2023-05-24 05:18:21.818836,3fc0140e1737aec9337ca2c2
104.255.229.125,AVAILABILITY,origin.list,origin.list,2023-05-24 05:18:21.829645,3fc0140e1737aec9337ca2c2
104.255.229.127,AVAILABILITY,origin.list,origin.list,2023-05-24 05:18:23.218724,3fc0140e1737aec9337ca2c2
104.255.229.128,AVAILABILITY,origin.list,origin.list,2023-05-24 05:18:23.278235,3fc0140e1737aec9337ca2c2
104.255.229.126,AVAILABILITY,origin.list,origin.list,2023-05-24 05:18:23.329399,3fc0140e1737aec9337ca2c2
104.255.229.130,AVAILABILITY,origin.list,origin.list,2023-05-24 05:18:23.523666,3fc0140e1737aec9337ca2c2
104.255.229.131,AVAILABILITY,origin.list,origin.list,2023-05-24 05:18:23.601351,3fc0140e1737aec9337ca2c2
104.255.229.132,AVAILABILITY,origin.list,origin.list,2023-05-24 05:18:24.994453,3fc0140e1737aec9337ca2c2
104.255.229.133,AVAILABILITY,origin.list,origin.list,2023-05-24 05:18:25.062621,3fc0140e1737aec9337ca2c2
104.255.229.134,AVAILABILITY,origin.list,origin.list,2023-05-24 05:18:25.109486,3fc0140e1737aec9337ca2c2
104.255.229.135,AVAILABILITY,origin.list,origin.list,2023-05-24 05:18:25.229882,3fc0140e1737aec9337ca2c2
104.255.229.136,AVAILABILITY,origin.list,origin.list,2023-05-24 05:18:25.465667,3fc0140e1737aec9337ca2c2
104.255.229.169,AVAILABILITY,origin.list,origin.list,2023-05-24 05:18:26.899725,3fc0140e1737aec9337ca2c2
104.255.229.137,AVAILABILITY,origin.list,origin.list,2023-05-24 05:18:26.920827,3fc0140e1737aec9337ca2c2
104.255.229.170,AVAILABILITY,origin.list,origin.list,2023-05-24 05:18:26.964792,3fc0140e1737aec9337ca2c2
104.255.229.138,AVAILABILITY,origin.list,origin.list,2023-05-24 05:18:26.978693,3fc0140e1737aec9337ca2c2
104.255.229.210,AVAILABILITY,origin.list,origin.list,2023-05-24 05:18:27.481207,3fc0140e1737aec9337ca2c2
104.255.229.212,AVAILABILITY,origin.list,origin.list,2023-05-24 05:18:28.762079,3fc0140e1737aec9337ca2c2
104.255.229.214,AVAILABILITY,origin.list,origin.list,2023-05-24 05:18:28.818039,3fc0140e1737aec9337ca2c2
104.255.229.213,AVAILABILITY,origin.list,origin.list,2023-05-24 05:18:28.820507,3fc0140e1737aec9337ca2c2
104.255.229.211,AVAILABILITY,origin.list,origin.list,2023-05-24 05:18:28.985755,3fc0140e1737aec9337ca2c2
104.255.229.215,AVAILABILITY,origin.list,origin.list,2023-05-24 05:18:29.278372,3fc0140e1737aec9337ca2c2
104.255.229.216,AVAILABILITY,origin.list,origin.list,2023-05-24 05:18:30.460420,3fc0140e1737aec9337ca2c2
104.255.229.217,AVAILABILITY,origin.list,origin.list,2023-05-24 05:18:30.537189,3fc0140e1737aec9337ca2c2
104.255.229.218,AVAILABILITY,origin.list,origin.list,2023-05-24 05:18:30.609610,3fc0140e1737aec9337ca2c2
104.255.229.219,AVAILABILITY,origin.list,origin.list,2023-05-24 05:18:30.760858,3fc0140e1737aec9337ca2c2
104.255.229.221,AVAILABILITY,origin.list,origin.list,2023-05-24 05:18:32.119272,3fc0140e1737aec9337ca2c2
104.255.229.224,AVAILABILITY,origin.list,origin.list,2023-05-24 05:18:32.240795,3fc0140e1737aec9337ca2c2
104.255.229.231,AVAILABILITY,origin.list,origin.list,2023-05-24 05:18:32.258374,3fc0140e1737aec9337ca2c2
104.255.229.232,AVAILABILITY,origin.list,origin.list,2023-05-24 05:18:32.400318,3fc0140e1737aec9337ca2c2
104.255.229.233,AVAILABILITY,origin.list,origin.list,2023-05-24 05:18:32.403540,3fc0140e1737aec9337ca2c2
104.255.229.234,AVAILABILITY,origin.list,origin.list,2023-05-24 05:18:33.899654,3fc0140e1737aec9337ca2c2
104.255.229.236,AVAILABILITY,origin.list,origin.list,2023-05-24 05:18:34.103235,3fc0140e1737aec9337ca2c2
104.255.229.238,AVAILABILITY,origin.list,origin.list,2023-05-24 05:18:34.110224,3fc0140e1737aec9337ca2c2
104.255.229.235,AVAILABILITY,origin.list,origin.list,2023-05-24 05:18:34.165459,3fc0140e1737aec9337ca2c2
104.255.229.237,AVAILABILITY,origin.list,origin.list,2023-05-24 05:18:34.177771,3fc0140e1737aec9337ca2c2
104.255.229.239,AVAILABILITY,origin.list,origin.list,2023-05-24 05:18:35.601316,3fc0140e1737aec9337ca2c2
104.255.229.240,AVAILABILITY,origin.list,origin.list,2023-05-24 05:18:35.819933,3fc0140e1737aec9337ca2c2
104.255.229.29,AVAILABILITY,origin.list,origin.list,2023-05-24 05:18:35.948179,3fc0140e1737aec9337ca2c2
104.255.229.35,AVAILABILITY,origin.list,origin.list,2023-05-24 05:18:36.027587,3fc0140e1737aec9337ca2c2
104.255.229.242,AVAILABILITY,origin.list,origin.list,2023-05-24 05:18:36.299514,3fc0140e1737aec9337ca2c2
104.255.229.37,AVAILABILITY,origin.list,origin.list,2023-05-24 05:18:37.318364,3fc0140e1737aec9337ca2c2
104.255.229.49,AVAILABILITY,origin.list,origin.list,2023-05-24 05:18:37.537633,3fc0140e1737aec9337ca2c2
104.255.229.52,AVAILABILITY,origin.list,origin.list,2023-05-24 05:18:37.725508,3fc0140e1737aec9337ca2c2
104.255.229.55,AVAILABILITY,origin.list,origin.list,2023-05-24 05:18:37.881648,3fc0140e1737aec9337ca2c2
104.255.229.57,AVAILABILITY,origin.list,origin.list,2023-05-24 05:18:38.164629,3fc0140e1737aec9337ca2c2
104.255.229.59,AVAILABILITY,origin.list,origin.list,2023-05-24 05:18:39.030104,3fc0140e1737aec9337ca2c2
104.255.229.65,AVAILABILITY,origin.list,origin.list,2023-05-24 05:18:39.535185,3fc0140e1737aec9337ca2c2
107.154.197.61,AVAILABILITY,origin.list,origin.list,2023-05-24 05:18:39.795637,3fc0140e1737aec9337ca2c2
107.148.129.151,AVAILABILITY,origin.list,origin.list,2023-05-24 05:18:39.972481,3fc0140e1737aec9337ca2c2
107.154.200.61,AVAILABILITY,origin.list,origin.list,2023-05-24 05:18:40.051168,3fc0140e1737aec9337ca2c2
107.154.201.20,AVAILABILITY,origin.list,origin.list,2023-05-24 05:18:40.231222,3fc0140e1737aec9337ca2c2
107.154.201.61,AVAILABILITY,origin.list,origin.list,2023-05-24 05:18:40.308611,3fc0140e1737aec9337ca2c2
104.255.229.78,AVAILABILITY,origin.list,origin.list,2023-05-24 05:18:40.351096,3fc0140e1737aec9337ca2c2
107.154.201.7,AVAILABILITY,origin.list,origin.list,2023-05-24 05:18:40.490465,3fc0140e1737aec9337ca2c2
107.154.75.179,AVAILABILITY,origin.list,origin.list,2023-05-24 05:18:40.565674,3fc0140e1737aec9337ca2c2
104.255.229.66,AVAILABILITY,origin.list,origin.list,2023-05-24 05:18:41.054074,3fc0140e1737aec9337ca2c2
116.202.170.20,AVAILABILITY,origin.list,origin.list,2023-05-24 05:18:41.151267,3fc0140e1737aec9337ca2c2
104.255.229.68,AVAILABILITY,origin.list,origin.list,2023-05-24 05:18:41.373472,3fc0140e1737aec9337ca2c2
116.202.170.21,AVAILABILITY,origin.list,origin.list,2023-05-24 05:18:41.399868,3fc0140e1737aec9337ca2c2
116.202.170.22,AVAILABILITY,origin.list,origin.list,2023-05-24 05:18:41.503833,3fc0140e1737aec9337ca2c2
116.202.170.23,AVAILABILITY,origin.list,origin.list,2023-05-24 05:18:41.730202,3fc0140e1737aec9337ca2c2
116.202.170.24,AVAILABILITY,origin.list,origin.list,2023-05-24 05:18:41.748012,3fc0140e1737aec9337ca2c2
116.202.170.25,AVAILABILITY,origin.list,origin.list,2023-05-24 05:18:41.851289,3fc0140e1737aec9337ca2c2
116.202.170.26,AVAILABILITY,origin.list,origin.list,2023-05-24 05:18:42.088129,3fc0140e1737aec9337ca2c2
116.202.170.27,AVAILABILITY,origin.list,origin.list,2023-05-24 05:18:42.095222,3fc0140e1737aec9337ca2c2
116.202.170.28,AVAILABILITY,origin.list,origin.list,2023-05-24 05:18:42.203057,3fc0140e1737aec9337ca2c2
112.213.101.221,AVAILABILITY,origin.list,origin.list,2023-05-24 05:18:42.382975,3fc0140e1737aec9337ca2c2
112.213.101.204,AVAILABILITY,origin.list,origin.list,2023-05-24 05:18:42.441275,3fc0140e1737aec9337ca2c2
116.202.170.29,AVAILABILITY,origin.list,origin.list,2023-05-24 05:18:42.445975,3fc0140e1737aec9337ca2c2
116.202.170.35,AVAILABILITY,origin.list,origin.list,2023-05-24 05:18:42.447484,3fc0140e1737aec9337ca2c2
116.202.170.57,AVAILABILITY,origin.list,origin.list,2023-05-24 05:18:42.730238,3fc0140e1737aec9337ca2c2
116.202.170.82,AVAILABILITY,origin.list,origin.list,2023-05-24 05:18:42.791983,3fc0140e1737aec9337ca2c2
116.202.170.83,AVAILABILITY,origin.list,origin.list,2023-05-24 05:18:42.811476,3fc0140e1737aec9337ca2c2
116.202.170.58,AVAILABILITY,origin.list,origin.list,2023-05-24 05:18:42.814661,3fc0140e1737aec9337ca2c2
116.202.170.84,AVAILABILITY,origin.list,origin.list,2023-05-24 05:18:43.078592,3fc0140e1737aec9337ca2c2
116.202.170.85,AVAILABILITY,origin.list,origin.list,2023-05-24 05:18:43.138384,3fc0140e1737aec9337ca2c2
116.202.170.86,AVAILABILITY,origin.list,origin.list,2023-05-24 05:18:43.170148,3fc0140e1737aec9337ca2c2
116.202.170.89,AVAILABILITY,origin.list,origin.list,2023-05-24 05:18:43.172011,3fc0140e1737aec9337ca2c2
116.202.170.93,AVAILABILITY,origin.list,origin.list,2023-05-24 05:18:43.427212,3fc0140e1737aec9337ca2c2
116.202.170.56,AVAILABILITY,origin.list,origin.list,2023-05-24 05:18:43.452378,3fc0140e1737aec9337ca2c2
116.202.170.94,AVAILABILITY,origin.list,origin.list,2023-05-24 05:18:43.503765,3fc0140e1737aec9337ca2c2
116.202.239.3,AVAILABILITY,origin.list,origin.list,2023-05-24 05:18:43.525136,3fc0140e1737aec9337ca2c2
116.202.239.43,AVAILABILITY,origin.list,origin.list,2023-05-24 05:18:43.534678,3fc0140e1737aec9337ca2c2
116.202.239.44,AVAILABILITY,origin.list,origin.list,2023-05-24 05:18:43.780754,3fc0140e1737aec9337ca2c2
116.202.239.49,AVAILABILITY,origin.list,origin.list,2023-05-24 05:18:43.805438,3fc0140e1737aec9337ca2c2
116.202.239.50,AVAILABILITY,origin.list,origin.list,2023-05-24 05:18:43.860290,3fc0140e1737aec9337ca2c2
116.202.239.51,AVAILABILITY,origin.list,origin.list,2023-05-24 05:18:43.886679,3fc0140e1737aec9337ca2c2
116.202.239.52,AVAILABILITY,origin.list,origin.list,2023-05-24 05:18:43.897606,3fc0140e1737aec9337ca2c2
116.202.239.53,AVAILABILITY,origin.list,origin.list,2023-05-24 05:18:44.132789,3fc0140e1737aec9337ca2c2
116.202.239.54,AVAILABILITY,origin.list,origin.list,2023-05-24 05:18:44.154152,3fc0140e1737aec9337ca2c2
116.202.239.55,AVAILABILITY,origin.list,origin.list,2023-05-24 05:18:44.217159,3fc0140e1737aec9337ca2c2
116.202.239.57,AVAILABILITY,origin.list,origin.list,2023-05-24 05:18:44.247626,3fc0140e1737aec9337ca2c2
116.202.239.59,AVAILABILITY,origin.list,origin.list,2023-05-24 05:18:44.480673,3fc0140e1737aec9337ca2c2
116.202.239.60,AVAILABILITY,origin.list,origin.list,2023-05-24 05:18:44.503905,3fc0140e1737aec9337ca2c2
116.202.239.58,AVAILABILITY,origin.list,origin.list,2023-05-24 05:18:45.251221,3fc0140e1737aec9337ca2c2
119.17.221.61,AVAILABILITY,origin.list,origin.list,2023-05-24 05:18:45.448508,3fc0140e1737aec9337ca2c2
135.181.105.89,AVAILABILITY,origin.list,origin.list,2023-05-24 05:18:45.599716,3fc0140e1737aec9337ca2c2
139.180.208.197,AVAILABILITY,origin.list,origin.list,2023-05-24 05:18:45.727251,3fc0140e1737aec9337ca2c2
119.47.85.115,AVAILABILITY,origin.list,origin.list,2023-05-24 05:18:45.806574,3fc0140e1737aec9337ca2c2
139.45.195.206,AVAILABILITY,origin.list,origin.list,2023-05-24 05:18:45.987342,3fc0140e1737aec9337ca2c2
139.45.195.207,AVAILABILITY,origin.list,origin.list,2023-05-24 05:18:46.143221,3fc0140e1737aec9337ca2c2
139.45.195.253,AVAILABILITY,origin.list,origin.list,2023-05-24 05:18:46.247218,3fc0140e1737aec9337ca2c2
139.45.195.254,AVAILABILITY,origin.list,origin.list,2023-05-24 05:18:46.255835,3fc0140e1737aec9337ca2c2
139.45.195.3,AVAILABILITY,origin.list,origin.list,2023-05-24 05:18:46.510699,3fc0140e1737aec9337ca2c2
139.45.195.5,AVAILABILITY,origin.list,origin.list,2023-05-24 05:18:46.665287,3fc0140e1737aec9337ca2c2
139.45.195.6,AVAILABILITY,origin.list,origin.list,2023-05-24 05:18:46.764079,3fc0140e1737aec9337ca2c2
139.45.195.8,AVAILABILITY,origin.list,origin.list,2023-05-24 05:18:46.774142,3fc0140e1737aec9337ca2c2
139.45.195.9,AVAILABILITY,origin.list,origin.list,2023-05-24 05:18:47.084978,3fc0140e1737aec9337ca2c2
139.45.196.60,AVAILABILITY,origin.list,origin.list,2023-05-24 05:18:47.182905,3fc0140e1737aec9337ca2c2
128.199.208.193,AVAILABILITY,origin.list,origin.list,2023-05-24 05:18:47.218139,3fc0140e1737aec9337ca2c2
139.45.196.64,AVAILABILITY,origin.list,origin.list,2023-05-24 05:18:47.281570,3fc0140e1737aec9337ca2c2
139.45.197.14,AVAILABILITY,origin.list,origin.list,2023-05-24 05:18:47.597937,3fc0140e1737aec9337ca2c2
139.45.197.15,AVAILABILITY,origin.list,origin.list,2023-05-24 05:18:47.774057,3fc0140e1737aec9337ca2c2
139.45.197.151,AVAILABILITY,origin.list,origin.list,2023-05-24 05:18:47.987348,3fc0140e1737aec9337ca2c2
139.45.197.152,AVAILABILITY,origin.list,origin.list,2023-05-24 05:18:48.044521,3fc0140e1737aec9337ca2c2
139.45.197.153,AVAILABILITY,origin.list,origin.list,2023-05-24 05:18:48.157007,3fc0140e1737aec9337ca2c2
139.45.197.154,AVAILABILITY,origin.list,origin.list,2023-05-24 05:18:48.385625,3fc0140e1737aec9337ca2c2
139.45.197.155,AVAILABILITY,origin.list,origin.list,2023-05-24 05:18:48.550441,3fc0140e1737aec9337ca2c2
139.45.197.156,AVAILABILITY,origin.list,origin.list,2023-05-24 05:18:48.694899,3fc0140e1737aec9337ca2c2
139.45.197.157,AVAILABILITY,origin.list,origin.list,2023-05-24 05:18:48.748515,3fc0140e1737aec9337ca2c2
139.45.197.167,AVAILABILITY,origin.list,origin.list,2023-05-24 05:18:48.930364,3fc0140e1737aec9337ca2c2
139.45.197.172,AVAILABILITY,origin.list,origin.list,2023-05-24 05:18:49.070941,3fc0140e1737aec9337ca2c2
139.45.197.171,AVAILABILITY,origin.list,origin.list,2023-05-24 05:18:49.088117,3fc0140e1737aec9337ca2c2
139.45.197.229,AVAILABILITY,origin.list,origin.list,2023-05-24 05:18:49.269672,3fc0140e1737aec9337ca2c2
139.45.197.233,AVAILABILITY,origin.list,origin.list,2023-05-24 05:18:49.457443,3fc0140e1737aec9337ca2c2
139.45.197.230,AVAILABILITY,origin.list,origin.list,2023-05-24 05:18:49.465708,3fc0140e1737aec9337ca2c2
139.45.197.234,AVAILABILITY,origin.list,origin.list,2023-05-24 05:18:49.639585,3fc0140e1737aec9337ca2c2
139.45.197.235,AVAILABILITY,origin.list,origin.list,2023-05-24 05:18:49.645309,3fc0140e1737aec9337ca2c2
139.45.197.236,AVAILABILITY,origin.list,origin.list,2023-05-24 05:18:49.721073,3fc0140e1737aec9337ca2c2
139.45.197.237,AVAILABILITY,origin.list,origin.list,2023-05-24 05:18:49.911556,3fc0140e1737aec9337ca2c2
139.45.197.238,AVAILABILITY,origin.list,origin.list,2023-05-24 05:18:49.986574,3fc0140e1737aec9337ca2c2
139.45.197.239,AVAILABILITY,origin.list,origin.list,2023-05-24 05:18:50.158279,3fc0140e1737aec9337ca2c2
139.45.197.240,AVAILABILITY,origin.list,origin.list,2023-05-24 05:18:50.167143,3fc0140e1737aec9337ca2c2
139.45.197.242,AVAILABILITY,origin.list,origin.list,2023-05-24 05:18:50.166425,3fc0140e1737aec9337ca2c2
139.45.197.244,AVAILABILITY,origin.list,origin.list,2023-05-24 05:18:50.434824,3fc0140e1737aec9337ca2c2
139.45.197.243,AVAILABILITY,origin.list,origin.list,2023-05-24 05:18:50.435804,3fc0140e1737aec9337ca2c2
139.45.197.245,AVAILABILITY,origin.list,origin.list,2023-05-24 05:18:50.612561,3fc0140e1737aec9337ca2c2
139.45.197.247,AVAILABILITY,origin.list,origin.list,2023-05-24 05:18:50.642111,3fc0140e1737aec9337ca2c2
139.45.197.246,AVAILABILITY,origin.list,origin.list,2023-05-24 05:18:50.714809,3fc0140e1737aec9337ca2c2
139.45.197.248,AVAILABILITY,origin.list,origin.list,2023-05-24 05:18:50.897225,3fc0140e1737aec9337ca2c2
139.45.197.249,AVAILABILITY,origin.list,origin.list,2023-05-24 05:18:50.958763,3fc0140e1737aec9337ca2c2
139.45.197.250,AVAILABILITY,origin.list,origin.list,2023-05-24 05:18:51.139450,3fc0140e1737aec9337ca2c2
139.45.197.251,AVAILABILITY,origin.list,origin.list,2023-05-24 05:18:51.157562,3fc0140e1737aec9337ca2c2
139.45.197.252,AVAILABILITY,origin.list,origin.list,2023-05-24 05:18:51.167410,3fc0140e1737aec9337ca2c2
139.45.197.254,AVAILABILITY,origin.list,origin.list,2023-05-24 05:18:51.407662,3fc0140e1737aec9337ca2c2
139.45.197.253,AVAILABILITY,origin.list,origin.list,2023-05-24 05:18:51.424622,3fc0140e1737aec9337ca2c2
142.91.159.157,AVAILABILITY,origin.list,origin.list,2023-05-24 05:18:53.567943,3fc0140e1737aec9337ca2c2
146.19.247.28,AVAILABILITY,origin.list,origin.list,2023-05-24 05:18:56.906298,3fc0140e1737aec9337ca2c2
143.92.48.103,AVAILABILITY,origin.list,origin.list,2023-05-24 05:18:57.208443,3fc0140e1737aec9337ca2c2
147.75.61.38,AVAILABILITY,origin.list,origin.list,2023-05-24 05:18:57.291585,3fc0140e1737aec9337ca2c2
147.75.63.87,AVAILABILITY,origin.list,origin.list,2023-05-24 05:18:57.303625,3fc0140e1737aec9337ca2c2
146.19.247.52,AVAILABILITY,origin.list,origin.list,2023-05-24 05:18:57.956662,3fc0140e1737aec9337ca2c2
146.19.75.8,AVAILABILITY,origin.list,origin.list,2023-05-24 05:18:58.061165,3fc0140e1737aec9337ca2c2
147.92.45.54,AVAILABILITY,origin.list,origin.list,2023-05-24 05:18:58.070158,3fc0140e1737aec9337ca2c2
154.197.22.113,AVAILABILITY,origin.list,origin.list,2023-05-24 05:18:58.078912,3fc0140e1737aec9337ca2c2
154.197.22.117,AVAILABILITY,origin.list,origin.list,2023-05-24 05:18:58.157243,3fc0140e1737aec9337ca2c2
154.197.22.224,AVAILABILITY,origin.list,origin.list,2023-05-24 05:18:58.821735,3fc0140e1737aec9337ca2c2
154.197.22.229,AVAILABILITY,origin.list,origin.list,2023-05-24 05:18:58.864227,3fc0140e1737aec9337ca2c2
154.197.23.202,AVAILABILITY,origin.list,origin.list,2023-05-24 05:18:59.012224,3fc0140e1737aec9337ca2c2
154.39.66.116,AVAILABILITY,origin.list,origin.list,2023-05-24 05:18:59.955483,3fc0140e1737aec9337ca2c2
154.39.66.126,AVAILABILITY,origin.list,origin.list,2023-05-24 05:19:00.034949,3fc0140e1737aec9337ca2c2
154.91.90.54,AVAILABILITY,origin.list,origin.list,2023-05-24 05:19:00.072565,3fc0140e1737aec9337ca2c2
154.91.90.56,AVAILABILITY,origin.list,origin.list,2023-05-24 05:19:00.183601,3fc0140e1737aec9337ca2c2
154.39.66.171,AVAILABILITY,origin.list,origin.list,2023-05-24 05:19:00.594558,3fc0140e1737aec9337ca2c2
154.91.90.60,AVAILABILITY,origin.list,origin.list,2023-05-24 05:19:00.924730,3fc0140e1737aec9337ca2c2
154.91.90.67,AVAILABILITY,origin.list,origin.list,2023-05-24 05:19:01.024031,3fc0140e1737aec9337ca2c2
154.91.90.71,AVAILABILITY,origin.list,origin.list,2023-05-24 05:19:01.221183,3fc0140e1737aec9337ca2c2
154.91.90.73,AVAILABILITY,origin.list,origin.list,2023-05-24 05:19:01.305837,3fc0140e1737aec9337ca2c2
155.94.156.166,AVAILABILITY,origin.list,origin.list,2023-05-24 05:19:01.576718,3fc0140e1737aec9337ca2c2
154.91.90.81,AVAILABILITY,origin.list,origin.list,2023-05-24 05:19:01.972291,3fc0140e1737aec9337ca2c2
154.91.90.83,AVAILABILITY,origin.list,origin.list,2023-05-24 05:19:02.047295,3fc0140e1737aec9337ca2c2
154.91.90.75,AVAILABILITY,origin.list,origin.list,2023-05-24 05:19:02.160141,3fc0140e1737aec9337ca2c2
162.252.21.20,AVAILABILITY,origin.list,origin.list,2023-05-24 05:19:05.164093,3fc0140e1737aec9337ca2c2
162.252.21.21,AVAILABILITY,origin.list,origin.list,2023-05-24 05:19:05.170498,3fc0140e1737aec9337ca2c2
156.236.69.89,AVAILABILITY,origin.list,origin.list,2023-05-24 05:19:05.315261,3fc0140e1737aec9337ca2c2
162.252.21.22,AVAILABILITY,origin.list,origin.list,2023-05-24 05:19:05.510028,3fc0140e1737aec9337ca2c2
162.252.21.23,AVAILABILITY,origin.list,origin.list,2023-05-24 05:19:05.515671,3fc0140e1737aec9337ca2c2
162.254.188.0,AVAILABILITY,origin.list,origin.list,2023-05-24 05:19:05.648723,3fc0140e1737aec9337ca2c2
162.254.188.10,AVAILABILITY,origin.list,origin.list,2023-05-24 05:19:05.850751,3fc0140e1737aec9337ca2c2
162.254.188.1,AVAILABILITY,origin.list,origin.list,2023-05-24 05:19:05.923763,3fc0140e1737aec9337ca2c2
162.254.188.100,AVAILABILITY,origin.list,origin.list,2023-05-24 05:19:05.979790,3fc0140e1737aec9337ca2c2
162.254.188.103,AVAILABILITY,origin.list,origin.list,2023-05-24 05:19:06.189353,3fc0140e1737aec9337ca2c2
162.254.188.104,AVAILABILITY,origin.list,origin.list,2023-05-24 05:19:06.269358,3fc0140e1737aec9337ca2c2
162.254.188.106,AVAILABILITY,origin.list,origin.list,2023-05-24 05:19:06.310699,3fc0140e1737aec9337ca2c2
162.218.55.135,AVAILABILITY,origin.list,origin.list,2023-05-24 05:19:06.498944,3fc0140e1737aec9337ca2c2
162.254.188.107,AVAILABILITY,origin.list,origin.list,2023-05-24 05:19:06.510101,3fc0140e1737aec9337ca2c2
162.218.55.169,AVAILABILITY,origin.list,origin.list,2023-05-24 05:19:06.568496,3fc0140e1737aec9337ca2c2
162.254.188.108,AVAILABILITY,origin.list,origin.list,2023-05-24 05:19:06.619979,3fc0140e1737aec9337ca2c2
162.254.188.109,AVAILABILITY,origin.list,origin.list,2023-05-24 05:19:06.633562,3fc0140e1737aec9337ca2c2
162.254.188.11,AVAILABILITY,origin.list,origin.list,2023-05-24 05:19:06.837293,3fc0140e1737aec9337ca2c2
162.254.188.112,AVAILABILITY,origin.list,origin.list,2023-05-24 05:19:06.866263,3fc0140e1737aec9337ca2c2
162.254.188.113,AVAILABILITY,origin.list,origin.list,2023-05-24 05:19:06.912536,3fc0140e1737aec9337ca2c2
162.254.188.116,AVAILABILITY,origin.list,origin.list,2023-05-24 05:19:06.967622,3fc0140e1737aec9337ca2c2
162.254.188.114,AVAILABILITY,origin.list,origin.list,2023-05-24 05:19:06.975431,3fc0140e1737aec9337ca2c2
162.254.188.117,AVAILABILITY,origin.list,origin.list,2023-05-24 05:19:07.189538,3fc0140e1737aec9337ca2c2
162.254.188.118,AVAILABILITY,origin.list,origin.list,2023-05-24 05:19:07.215702,3fc0140e1737aec9337ca2c2
162.254.188.119,AVAILABILITY,origin.list,origin.list,2023-05-24 05:19:07.257189,3fc0140e1737aec9337ca2c2
162.254.188.12,AVAILABILITY,origin.list,origin.list,2023-05-24 05:19:07.309750,3fc0140e1737aec9337ca2c2
162.254.188.126,AVAILABILITY,origin.list,origin.list,2023-05-24 05:19:07.317465,3fc0140e1737aec9337ca2c2
162.254.188.127,AVAILABILITY,origin.list,origin.list,2023-05-24 05:19:07.525086,3fc0140e1737aec9337ca2c2
162.254.188.13,AVAILABILITY,origin.list,origin.list,2023-05-24 05:19:07.566886,3fc0140e1737aec9337ca2c2
162.254.188.14,AVAILABILITY,origin.list,origin.list,2023-05-24 05:19:07.602913,3fc0140e1737aec9337ca2c2
162.254.188.15,AVAILABILITY,origin.list,origin.list,2023-05-24 05:19:07.657567,3fc0140e1737aec9337ca2c2
162.254.188.18,AVAILABILITY,origin.list,origin.list,2023-05-24 05:19:07.662485,3fc0140e1737aec9337ca2c2
162.254.188.2,AVAILABILITY,origin.list,origin.list,2023-05-24 05:19:07.874644,3fc0140e1737aec9337ca2c2
162.254.188.21,AVAILABILITY,origin.list,origin.list,2023-05-24 05:19:07.914414,3fc0140e1737aec9337ca2c2
162.254.188.23,AVAILABILITY,origin.list,origin.list,2023-05-24 05:19:07.936574,3fc0140e1737aec9337ca2c2
162.254.188.25,AVAILABILITY,origin.list,origin.list,2023-05-24 05:19:07.999118,3fc0140e1737aec9337ca2c2
162.254.188.29,AVAILABILITY,origin.list,origin.list,2023-05-24 05:19:07.999381,3fc0140e1737aec9337ca2c2
162.254.188.3,AVAILABILITY,origin.list,origin.list,2023-05-24 05:19:08.226811,3fc0140e1737aec9337ca2c2
162.254.188.30,AVAILABILITY,origin.list,origin.list,2023-05-24 05:19:08.239837,3fc0140e1737aec9337ca2c2
162.254.188.32,AVAILABILITY,origin.list,origin.list,2023-05-24 05:19:08.282274,3fc0140e1737aec9337ca2c2
162.254.188.37,AVAILABILITY,origin.list,origin.list,2023-05-24 05:19:08.336792,3fc0140e1737aec9337ca2c2
162.254.188.39,AVAILABILITY,origin.list,origin.list,2023-05-24 05:19:08.349228,3fc0140e1737aec9337ca2c2
162.254.188.4,AVAILABILITY,origin.list,origin.list,2023-05-24 05:19:08.550654,3fc0140e1737aec9337ca2c2
162.254.188.40,AVAILABILITY,origin.list,origin.list,2023-05-24 05:19:08.585572,3fc0140e1737aec9337ca2c2
162.254.188.42,AVAILABILITY,origin.list,origin.list,2023-05-24 05:19:08.629091,3fc0140e1737aec9337ca2c2
162.254.188.44,AVAILABILITY,origin.list,origin.list,2023-05-24 05:19:08.674365,3fc0140e1737aec9337ca2c2
162.254.188.45,AVAILABILITY,origin.list,origin.list,2023-05-24 05:19:08.698400,3fc0140e1737aec9337ca2c2
162.254.188.46,AVAILABILITY,origin.list,origin.list,2023-05-24 05:19:08.886574,3fc0140e1737aec9337ca2c2
162.254.188.48,AVAILABILITY,origin.list,origin.list,2023-05-24 05:19:08.934769,3fc0140e1737aec9337ca2c2
162.254.188.5,AVAILABILITY,origin.list,origin.list,2023-05-24 05:19:08.960511,3fc0140e1737aec9337ca2c2
162.254.188.50,AVAILABILITY,origin.list,origin.list,2023-05-24 05:19:09.012543,3fc0140e1737aec9337ca2c2
162.254.188.51,AVAILABILITY,origin.list,origin.list,2023-05-24 05:19:09.044176,3fc0140e1737aec9337ca2c2
162.254.188.52,AVAILABILITY,origin.list,origin.list,2023-05-24 05:19:09.217256,3fc0140e1737aec9337ca2c2
162.254.188.53,AVAILABILITY,origin.list,origin.list,2023-05-24 05:19:09.266307,3fc0140e1737aec9337ca2c2
162.254.188.54,AVAILABILITY,origin.list,origin.list,2023-05-24 05:19:09.305822,3fc0140e1737aec9337ca2c2
162.254.188.6,AVAILABILITY,origin.list,origin.list,2023-05-24 05:19:09.343782,3fc0140e1737aec9337ca2c2
162.254.188.63,AVAILABILITY,origin.list,origin.list,2023-05-24 05:19:09.391903,3fc0140e1737aec9337ca2c2
162.254.188.65,AVAILABILITY,origin.list,origin.list,2023-05-24 05:19:09.568846,3fc0140e1737aec9337ca2c2
162.254.188.72,AVAILABILITY,origin.list,origin.list,2023-05-24 05:19:09.612271,3fc0140e1737aec9337ca2c2
162.254.188.73,AVAILABILITY,origin.list,origin.list,2023-05-24 05:19:09.651770,3fc0140e1737aec9337ca2c2
162.254.188.75,AVAILABILITY,origin.list,origin.list,2023-05-24 05:19:09.666528,3fc0140e1737aec9337ca2c2
162.254.188.8,AVAILABILITY,origin.list,origin.list,2023-05-24 05:19:09.741346,3fc0140e1737aec9337ca2c2
162.254.188.86,AVAILABILITY,origin.list,origin.list,2023-05-24 05:19:09.901669,3fc0140e1737aec9337ca2c2
162.254.188.88,AVAILABILITY,origin.list,origin.list,2023-05-24 05:19:09.968936,3fc0140e1737aec9337ca2c2
162.254.188.9,AVAILABILITY,origin.list,origin.list,2023-05-24 05:19:09.991441,3fc0140e1737aec9337ca2c2
162.254.188.92,AVAILABILITY,origin.list,origin.list,2023-05-24 05:19:10.023256,3fc0140e1737aec9337ca2c2
162.254.188.96,AVAILABILITY,origin.list,origin.list,2023-05-24 05:19:10.087529,3fc0140e1737aec9337ca2c2
162.254.188.97,AVAILABILITY,origin.list,origin.list,2023-05-24 05:19:10.230222,3fc0140e1737aec9337ca2c2
162.254.188.99,AVAILABILITY,origin.list,origin.list,2023-05-24 05:19:10.341739,3fc0140e1737aec9337ca2c2
162.254.188.98,AVAILABILITY,origin.list,origin.list,2023-05-24 05:19:10.373326,3fc0140e1737aec9337ca2c2
162.254.190.18,AVAILABILITY,origin.list,origin.list,2023-05-24 05:19:10.377729,3fc0140e1737aec9337ca2c2
162.254.190.4,AVAILABILITY,origin.list,origin.list,2023-05-24 05:19:10.417023,3fc0140e1737aec9337ca2c2
162.254.190.8,AVAILABILITY,origin.list,origin.list,2023-05-24 05:19:10.578544,3fc0140e1737aec9337ca2c2
162.254.190.9,AVAILABILITY,origin.list,origin.list,2023-05-24 05:19:10.707835,3fc0140e1737aec9337ca2c2
172.106.167.78,AVAILABILITY,origin.list,origin.list,2023-05-24 05:19:10.724821,3fc0140e1737aec9337ca2c2
168.119.25.22,AVAILABILITY,origin.list,origin.list,2023-05-24 05:19:10.741596,3fc0140e1737aec9337ca2c2
173.233.137.52,AVAILABILITY,origin.list,origin.list,2023-05-24 05:19:30.300251,3fc0140e1737aec9337ca2c2
173.233.137.44,AVAILABILITY,origin.list,origin.list,2023-05-24 05:19:30.457049,3fc0140e1737aec9337ca2c2
173.233.137.36,AVAILABILITY,origin.list,origin.list,2023-05-24 05:19:30.463958,3fc0140e1737aec9337ca2c2
173.233.139.164,AVAILABILITY,origin.list,origin.list,2023-05-24 05:19:30.500820,3fc0140e1737aec9337ca2c2
173.233.137.60,AVAILABILITY,origin.list,origin.list,2023-05-24 05:19:30.752197,3fc0140e1737aec9337ca2c2
173.255.143.160,AVAILABILITY,origin.list,origin.list,2023-05-24 05:19:32.596698,3fc0140e1737aec9337ca2c2
173.255.143.243,AVAILABILITY,origin.list,origin.list,2023-05-24 05:19:32.674807,3fc0140e1737aec9337ca2c2
178.128.25.172,AVAILABILITY,origin.list,origin.list,2023-05-24 05:19:32.737276,3fc0140e1737aec9337ca2c2
182.23.209.101,AVAILABILITY,origin.list,origin.list,2023-05-24 05:19:43.804027,3fc0140e1737aec9337ca2c2
182.23.209.114,AVAILABILITY,origin.list,origin.list,2023-05-24 05:19:43.925540,3fc0140e1737aec9337ca2c2
182.23.209.40,AVAILABILITY,origin.list,origin.list,2023-05-24 05:19:44.136602,3fc0140e1737aec9337ca2c2
185.177.92.132,AVAILABILITY,origin.list,origin.list,2023-05-24 05:19:44.430605,3fc0140e1737aec9337ca2c2
184.105.192.2,AVAILABILITY,origin.list,origin.list,2023-05-24 05:19:44.754254,3fc0140e1737aec9337ca2c2
182.23.209.72,AVAILABILITY,origin.list,origin.list,2023-05-24 05:19:44.775766,3fc0140e1737aec9337ca2c2
182.23.209.81,AVAILABILITY,origin.list,origin.list,2023-05-24 05:19:45.142312,3fc0140e1737aec9337ca2c2
185.250.148.76,AVAILABILITY,origin.list,origin.list,2023-05-24 05:19:45.160674,3fc0140e1737aec9337ca2c2
185.238.170.237,AVAILABILITY,origin.list,origin.list,2023-05-24 05:19:45.423626,3fc0140e1737aec9337ca2c2
185.238.170.10,AVAILABILITY,origin.list,origin.list,2023-05-24 05:19:45.467430,3fc0140e1737aec9337ca2c2
188.166.209.87,AVAILABILITY,origin.list,origin.list,2023-05-24 05:19:45.486143,3fc0140e1737aec9337ca2c2
185.238.171.191,AVAILABILITY,origin.list,origin.list,2023-05-24 05:19:45.781227,3fc0140e1737aec9337ca2c2
192.151.192.146,AVAILABILITY,origin.list,origin.list,2023-05-24 05:19:49.272953,3fc0140e1737aec9337ca2c2
192.151.192.155,AVAILABILITY,origin.list,origin.list,2023-05-24 05:19:49.330730,3fc0140e1737aec9337ca2c2
192.151.192.147,AVAILABILITY,origin.list,origin.list,2023-05-24 05:19:49.411285,3fc0140e1737aec9337ca2c2
192.151.192.18,AVAILABILITY,origin.list,origin.list,2023-05-24 05:19:49.416123,3fc0140e1737aec9337ca2c2
192.151.192.148,AVAILABILITY,origin.list,origin.list,2023-05-24 05:19:49.523231,3fc0140e1737aec9337ca2c2
192.151.192.19,AVAILABILITY,origin.list,origin.list,2023-05-24 05:19:50.750109,3fc0140e1737aec9337ca2c2
192.151.192.22,AVAILABILITY,origin.list,origin.list,2023-05-24 05:19:50.804700,3fc0140e1737aec9337ca2c2
192.151.192.20,AVAILABILITY,origin.list,origin.list,2023-05-24 05:19:50.819163,3fc0140e1737aec9337ca2c2
192.151.192.245,AVAILABILITY,origin.list,origin.list,2023-05-24 05:19:51.014832,3fc0140e1737aec9337ca2c2
192.151.192.21,AVAILABILITY,origin.list,origin.list,2023-05-24 05:19:51.085224,3fc0140e1737aec9337ca2c2
192.243.59.12,AVAILABILITY,origin.list,origin.list,2023-05-24 05:19:51.632990,3fc0140e1737aec9337ca2c2
192.243.59.20,AVAILABILITY,origin.list,origin.list,2023-05-24 05:19:51.771956,3fc0140e1737aec9337ca2c2
192.161.81.109,AVAILABILITY,origin.list,origin.list,2023-05-24 05:19:51.780722,3fc0140e1737aec9337ca2c2
192.243.59.13,AVAILABILITY,origin.list,origin.list,2023-05-24 05:19:51.845473,3fc0140e1737aec9337ca2c2
192.161.82.60,AVAILABILITY,origin.list,origin.list,2023-05-24 05:19:51.913233,3fc0140e1737aec9337ca2c2
193.43.146.17,AVAILABILITY,origin.list,origin.list,2023-05-24 05:19:52.174963,3fc0140e1737aec9337ca2c2
192.243.61.225,AVAILABILITY,origin.list,origin.list,2023-05-24 05:19:52.182976,3fc0140e1737aec9337ca2c2
193.43.146.22,AVAILABILITY,origin.list,origin.list,2023-05-24 05:19:52.234662,3fc0140e1737aec9337ca2c2
193.43.146.26,AVAILABILITY,origin.list,origin.list,2023-05-24 05:19:52.303667,3fc0140e1737aec9337ca2c2
192.243.61.227,AVAILABILITY,origin.list,origin.list,2023-05-24 05:19:52.355184,3fc0140e1737aec9337ca2c2
194.180.174.180,AVAILABILITY,origin.list,origin.list,2023-05-24 05:19:52.566130,3fc0140e1737aec9337ca2c2
194.180.174.186,AVAILABILITY,origin.list,origin.list,2023-05-24 05:19:52.574839,3fc0140e1737aec9337ca2c2
194.180.174.187,AVAILABILITY,origin.list,origin.list,2023-05-24 05:19:52.618622,3fc0140e1737aec9337ca2c2
194.233.84.136,AVAILABILITY,origin.list,origin.list,2023-05-24 05:19:52.656130,3fc0140e1737aec9337ca2c2
198.16.45.124,AVAILABILITY,origin.list,origin.list,2023-05-24 05:19:53.714080,3fc0140e1737aec9337ca2c2
206.238.176.166,AVAILABILITY,origin.list,origin.list,2023-05-24 05:20:49.720735,3fc0140e1737aec9337ca2c2
206.238.176.165,AVAILABILITY,origin.list,origin.list,2023-05-24 05:20:49.729815,3fc0140e1737aec9337ca2c2
206.238.176.168,AVAILABILITY,origin.list,origin.list,2023-05-24 05:20:49.751241,3fc0140e1737aec9337ca2c2
206.238.176.167,AVAILABILITY,origin.list,origin.list,2023-05-24 05:20:49.828828,3fc0140e1737aec9337ca2c2
206.238.176.169,AVAILABILITY,origin.list,origin.list,2023-05-24 05:20:54.195297,3fc0140e1737aec9337ca2c2
206.238.176.170,AVAILABILITY,origin.list,origin.list,2023-05-24 05:21:00.780679,3fc0140e1737aec9337ca2c2
206.238.176.172,AVAILABILITY,origin.list,origin.list,2023-05-24 05:21:00.789014,3fc0140e1737aec9337ca2c2
206.238.176.171,AVAILABILITY,origin.list,origin.list,2023-05-24 05:21:00.825657,3fc0140e1737aec9337ca2c2
206.238.176.173,AVAILABILITY,origin.list,origin.list,2023-05-24 05:21:00.857432,3fc0140e1737aec9337ca2c2
206.238.176.174,AVAILABILITY,origin.list,origin.list,2023-05-24 05:21:05.227348,3fc0140e1737aec9337ca2c2
206.238.176.175,AVAILABILITY,origin.list,origin.list,2023-05-24 05:21:11.819784,3fc0140e1737aec9337ca2c2
206.238.176.176,AVAILABILITY,origin.list,origin.list,2023-05-24 05:21:11.823278,3fc0140e1737aec9337ca2c2
206.238.176.177,AVAILABILITY,origin.list,origin.list,2023-05-24 05:21:11.881644,3fc0140e1737aec9337ca2c2
206.238.176.178,AVAILABILITY,origin.list,origin.list,2023-05-24 05:21:11.906979,3fc0140e1737aec9337ca2c2
206.238.176.179,AVAILABILITY,origin.list,origin.list,2023-05-24 05:21:16.237406,3fc0140e1737aec9337ca2c2
206.238.176.181,AVAILABILITY,origin.list,origin.list,2023-05-24 05:21:22.859252,3fc0140e1737aec9337ca2c2
206.238.176.180,AVAILABILITY,origin.list,origin.list,2023-05-24 05:21:22.902551,3fc0140e1737aec9337ca2c2
206.238.176.182,AVAILABILITY,origin.list,origin.list,2023-05-24 05:21:22.913510,3fc0140e1737aec9337ca2c2
206.238.176.183,AVAILABILITY,origin.list,origin.list,2023-05-24 05:21:22.938662,3fc0140e1737aec9337ca2c2
206.238.176.184,AVAILABILITY,origin.list,origin.list,2023-05-24 05:21:27.264462,3fc0140e1737aec9337ca2c2
206.238.176.185,AVAILABILITY,origin.list,origin.list,2023-05-24 05:21:33.883898,3fc0140e1737aec9337ca2c2
206.238.176.186,AVAILABILITY,origin.list,origin.list,2023-05-24 05:21:33.945970,3fc0140e1737aec9337ca2c2
206.238.176.188,AVAILABILITY,origin.list,origin.list,2023-05-24 05:21:33.997310,3fc0140e1737aec9337ca2c2
206.238.176.187,AVAILABILITY,origin.list,origin.list,2023-05-24 05:21:34.004790,3fc0140e1737aec9337ca2c2
206.238.176.189,AVAILABILITY,origin.list,origin.list,2023-05-24 05:21:38.445602,3fc0140e1737aec9337ca2c2
206.238.176.190,AVAILABILITY,origin.list,origin.list,2023-05-24 05:21:44.924861,3fc0140e1737aec9337ca2c2
206.238.176.191,AVAILABILITY,origin.list,origin.list,2023-05-24 05:21:44.974928,3fc0140e1737aec9337ca2c2
206.238.176.192,AVAILABILITY,origin.list,origin.list,2023-05-24 05:21:45.023099,3fc0140e1737aec9337ca2c2
206.238.176.193,AVAILABILITY,origin.list,origin.list,2023-05-24 05:21:45.032447,3fc0140e1737aec9337ca2c2
206.238.176.194,AVAILABILITY,origin.list,origin.list,2023-05-24 05:21:49.476273,3fc0140e1737aec9337ca2c2
206.238.180.172,AVAILABILITY,origin.list,origin.list,2023-05-24 05:21:55.934686,3fc0140e1737aec9337ca2c2
206.238.180.173,AVAILABILITY,origin.list,origin.list,2023-05-24 05:21:56.005032,3fc0140e1737aec9337ca2c2
206.238.180.175,AVAILABILITY,origin.list,origin.list,2023-05-24 05:21:56.067202,3fc0140e1737aec9337ca2c2
206.238.180.174,AVAILABILITY,origin.list,origin.list,2023-05-24 05:21:56.076468,3fc0140e1737aec9337ca2c2
206.238.180.176,AVAILABILITY,origin.list,origin.list,2023-05-24 05:22:00.577379,3fc0140e1737aec9337ca2c2
206.238.180.177,AVAILABILITY,origin.list,origin.list,2023-05-24 05:22:06.958855,3fc0140e1737aec9337ca2c2
206.238.180.178,AVAILABILITY,origin.list,origin.list,2023-05-24 05:22:07.039622,3fc0140e1737aec9337ca2c2
206.238.180.180,AVAILABILITY,origin.list,origin.list,2023-05-24 05:22:07.105896,3fc0140e1737aec9337ca2c2
206.238.180.179,AVAILABILITY,origin.list,origin.list,2023-05-24 05:22:07.119436,3fc0140e1737aec9337ca2c2
206.238.180.181,AVAILABILITY,origin.list,origin.list,2023-05-24 05:22:11.615019,3fc0140e1737aec9337ca2c2
206.238.180.182,AVAILABILITY,origin.list,origin.list,2023-05-24 05:22:17.992509,3fc0140e1737aec9337ca2c2
206.238.180.183,AVAILABILITY,origin.list,origin.list,2023-05-24 05:22:18.085443,3fc0140e1737aec9337ca2c2
206.238.180.184,AVAILABILITY,origin.list,origin.list,2023-05-24 05:22:18.141069,3fc0140e1737aec9337ca2c2
206.238.180.185,AVAILABILITY,origin.list,origin.list,2023-05-24 05:22:18.149894,3fc0140e1737aec9337ca2c2
206.238.180.186,AVAILABILITY,origin.list,origin.list,2023-05-24 05:22:22.677481,3fc0140e1737aec9337ca2c2
206.238.180.187,AVAILABILITY,origin.list,origin.list,2023-05-24 05:22:29.029258,3fc0140e1737aec9337ca2c2
206.238.180.188,AVAILABILITY,origin.list,origin.list,2023-05-24 05:22:29.137884,3fc0140e1737aec9337ca2c2
206.238.180.189,AVAILABILITY,origin.list,origin.list,2023-05-24 05:22:29.164707,3fc0140e1737aec9337ca2c2
206.238.180.190,AVAILABILITY,origin.list,origin.list,2023-05-24 05:22:29.174537,3fc0140e1737aec9337ca2c2
206.238.180.191,AVAILABILITY,origin.list,origin.list,2023-05-24 05:22:33.711687,3fc0140e1737aec9337ca2c2
206.238.180.192,AVAILABILITY,origin.list,origin.list,2023-05-24 05:22:40.063987,3fc0140e1737aec9337ca2c2
206.238.180.193,AVAILABILITY,origin.list,origin.list,2023-05-24 05:22:40.199095,3fc0140e1737aec9337ca2c2
206.238.180.194,AVAILABILITY,origin.list,origin.list,2023-05-24 05:22:40.204612,3fc0140e1737aec9337ca2c2
206.238.180.195,AVAILABILITY,origin.list,origin.list,2023-05-24 05:22:40.239323,3fc0140e1737aec9337ca2c2
206.238.180.196,AVAILABILITY,origin.list,origin.list,2023-05-24 05:22:44.755432,3fc0140e1737aec9337ca2c2
206.238.181.165,AVAILABILITY,origin.list,origin.list,2023-05-24 05:22:51.094117,3fc0140e1737aec9337ca2c2
206.238.181.166,AVAILABILITY,origin.list,origin.list,2023-05-24 05:22:51.230572,3fc0140e1737aec9337ca2c2
206.238.181.167,AVAILABILITY,origin.list,origin.list,2023-05-24 05:22:51.233633,3fc0140e1737aec9337ca2c2
206.238.181.168,AVAILABILITY,origin.list,origin.list,2023-05-24 05:22:51.273521,3fc0140e1737aec9337ca2c2
206.238.181.169,AVAILABILITY,origin.list,origin.list,2023-05-24 05:22:55.777624,3fc0140e1737aec9337ca2c2
206.238.201.147,AVAILABILITY,origin.list,origin.list,2023-05-24 05:23:18.291623,3fc0140e1737aec9337ca2c2
206.238.201.149,AVAILABILITY,origin.list,origin.list,2023-05-24 05:23:18.302345,3fc0140e1737aec9337ca2c2
206.238.201.160,AVAILABILITY,origin.list,origin.list,2023-05-24 05:23:18.503317,3fc0140e1737aec9337ca2c2
206.238.201.161,AVAILABILITY,origin.list,origin.list,2023-05-24 05:23:18.630296,3fc0140e1737aec9337ca2c2
212.224.118.41,AVAILABILITY,origin.list,origin.list,2023-05-24 05:23:35.941896,3fc0140e1737aec9337ca2c2
213.142.146.37,AVAILABILITY,origin.list,origin.list,2023-05-24 05:23:36.133179,3fc0140e1737aec9337ca2c2
213.142.146.12,AVAILABILITY,origin.list,origin.list,2023-05-24 05:23:36.348781,3fc0140e1737aec9337ca2c2
213.142.146.131,AVAILABILITY,origin.list,origin.list,2023-05-24 05:23:36.351452,3fc0140e1737aec9337ca2c2
213.142.146.149,AVAILABILITY,origin.list,origin.list,2023-05-24 05:23:36.521417,3fc0140e1737aec9337ca2c2
213.142.147.12,AVAILABILITY,origin.list,origin.list,2023-05-24 05:23:36.828634,3fc0140e1737aec9337ca2c2
213.142.147.201,AVAILABILITY,origin.list,origin.list,2023-05-24 05:23:37.259313,3fc0140e1737aec9337ca2c2
216.118.240.205,AVAILABILITY,origin.list,origin.list,2023-05-24 05:23:41.266959,3fc0140e1737aec9337ca2c2
216.118.240.203,AVAILABILITY,origin.list,origin.list,2023-05-24 05:23:41.328206,3fc0140e1737aec9337ca2c2
216.118.240.243,AVAILABILITY,origin.list,origin.list,2023-05-24 05:23:41.428257,3fc0140e1737aec9337ca2c2
216.118.240.107,AVAILABILITY,origin.list,origin.list,2023-05-24 05:23:41.644120,3fc0140e1737aec9337ca2c2
216.21.13.15,AVAILABILITY,origin.list,origin.list,2023-05-24 05:23:41.731686,3fc0140e1737aec9337ca2c2
216.21.13.14,AVAILABILITY,origin.list,origin.list,2023-05-24 05:23:41.765712,3fc0140e1737aec9337ca2c2
216.118.240.98,AVAILABILITY,origin.list,origin.list,2023-05-24 05:23:42.036520,3fc0140e1737aec9337ca2c2
216.83.54.168,AVAILABILITY,origin.list,origin.list,2023-05-24 05:23:42.854923,3fc0140e1737aec9337ca2c2
216.83.53.220,AVAILABILITY,origin.list,origin.list,2023-05-24 05:23:42.948230,3fc0140e1737aec9337ca2c2
216.83.54.211,AVAILABILITY,origin.list,origin.list,2023-05-24 05:23:43.373443,3fc0140e1737aec9337ca2c2
216.83.55.2,AVAILABILITY,origin.list,origin.list,2023-05-24 05:23:43.377979,3fc0140e1737aec9337ca2c2
173.237.16.1,AVAILABILITY,origin.list,origin.list,2023-05-24 05:23:43.888908,3fc0140e1737aec9337ca2c2
173.237.16.102,AVAILABILITY,origin.list,origin.list,2023-05-24 05:23:43.948697,3fc0140e1737aec9337ca2c2
173.237.16.124,AVAILABILITY,origin.list,origin.list,2023-05-24 05:23:44.008643,3fc0140e1737aec9337ca2c2
173.237.16.116,AVAILABILITY,origin.list,origin.list,2023-05-24 05:23:44.445221,3fc0140e1737aec9337ca2c2
173.237.16.136,AVAILABILITY,origin.list,origin.list,2023-05-24 05:23:44.468039,3fc0140e1737aec9337ca2c2
173.237.16.160,AVAILABILITY,origin.list,origin.list,2023-05-24 05:23:44.524570,3fc0140e1737aec9337ca2c2
216.83.52.80,AVAILABILITY,origin.list,origin.list,2023-05-24 05:23:44.573443,3fc0140e1737aec9337ca2c2
173.237.16.140,AVAILABILITY,origin.list,origin.list,2023-05-24 05:23:45.004467,3fc0140e1737aec9337ca2c2
173.237.16.173,AVAILABILITY,origin.list,origin.list,2023-05-24 05:23:45.021457,3fc0140e1737aec9337ca2c2
173.237.16.178,AVAILABILITY,origin.list,origin.list,2023-05-24 05:23:45.043172,3fc0140e1737aec9337ca2c2
173.237.16.181,AVAILABILITY,origin.list,origin.list,2023-05-24 05:23:45.089520,3fc0140e1737aec9337ca2c2
173.237.16.205,AVAILABILITY,origin.list,origin.list,2023-05-24 05:23:45.449753,3fc0140e1737aec9337ca2c2
173.237.16.19,AVAILABILITY,origin.list,origin.list,2023-05-24 05:23:45.519021,3fc0140e1737aec9337ca2c2
173.237.16.232,AVAILABILITY,origin.list,origin.list,2023-05-24 05:23:45.598891,3fc0140e1737aec9337ca2c2
173.237.16.255,AVAILABILITY,origin.list,origin.list,2023-05-24 05:23:45.608208,3fc0140e1737aec9337ca2c2
173.237.16.79,AVAILABILITY,origin.list,origin.list,2023-05-24 05:23:46.120889,3fc0140e1737aec9337ca2c2
173.237.16.76,AVAILABILITY,origin.list,origin.list,2023-05-24 05:23:46.137457,3fc0140e1737aec9337ca2c2
173.237.16.80,AVAILABILITY,origin.list,origin.list,2023-05-24 05:23:46.162142,3fc0140e1737aec9337ca2c2
173.237.16.57,AVAILABILITY,origin.list,origin.list,2023-05-24 05:23:46.256475,3fc0140e1737aec9337ca2c2
173.237.16.90,AVAILABILITY,origin.list,origin.list,2023-05-24 05:23:46.505438,3fc0140e1737aec9337ca2c2
173.237.16.86,AVAILABILITY,origin.list,origin.list,2023-05-24 05:23:46.638833,3fc0140e1737aec9337ca2c2
173.237.16.89,AVAILABILITY,origin.list,origin.list,2023-05-24 05:23:46.693719,3fc0140e1737aec9337ca2c2
173.237.16.94,AVAILABILITY,origin.list,origin.list,2023-05-24 05:23:46.821543,3fc0140e1737aec9337ca2c2
162.218.55.167,AVAILABILITY,origin.list,origin.list,2023-05-24 05:23:48.333521,3fc0140e1737aec9337ca2c2
162.218.55.158,AVAILABILITY,origin.list,origin.list,2023-05-24 05:23:48.396002,3fc0140e1737aec9337ca2c2
104.255.229.241,AVAILABILITY,origin.list,origin.list,2023-05-24 05:23:48.446100,3fc0140e1737aec9337ca2c2
154.91.90.62,AVAILABILITY,origin.list,origin.list,2023-05-24 05:23:57.117850,3fc0140e1737aec9337ca2c2
216.83.58.156,AVAILABILITY,origin.list,origin.list,2023-05-24 05:23:58.015513,3fc0140e1737aec9337ca2c2
154.91.90.85,AVAILABILITY,origin.list,origin.list,2023-05-24 05:23:58.606715,3fc0140e1737aec9337ca2c2
43.135.92.27,AVAILABILITY,origin.list,origin.list,2023-05-24 05:23:59.130194,3fc0140e1737aec9337ca2c2
43.132.196.130,AVAILABILITY,origin.list,origin.list,2023-05-24 05:23:59.411061,3fc0140e1737aec9337ca2c2
206.238.200.100,AVAILABILITY,origin.list,origin.list,2023-05-24 05:24:18.530884,3fc0140e1737aec9337ca2c2
206.238.200.101,AVAILABILITY,origin.list,origin.list,2023-05-24 05:24:19.118964,3fc0140e1737aec9337ca2c2
206.238.200.103,AVAILABILITY,origin.list,origin.list,2023-05-24 05:24:19.703543,3fc0140e1737aec9337ca2c2
206.238.200.102,AVAILABILITY,origin.list,origin.list,2023-05-24 05:24:19.923611,3fc0140e1737aec9337ca2c2
103.127.80.210,AVAILABILITY,origin.list,origin.list,2023-05-24 05:24:21.390155,3fc0140e1737aec9337ca2c2
206.238.200.104,AVAILABILITY,origin.list,origin.list,2023-05-24 05:24:39.039168,3fc0140e1737aec9337ca2c2
206.238.200.105,AVAILABILITY,origin.list,origin.list,2023-05-24 05:24:39.630304,3fc0140e1737aec9337ca2c2
206.238.200.106,AVAILABILITY,origin.list,origin.list,2023-05-24 05:24:40.221860,3fc0140e1737aec9337ca2c2
206.238.200.108,AVAILABILITY,origin.list,origin.list,2023-05-24 05:24:40.434789,3fc0140e1737aec9337ca2c2
206.238.200.107,AVAILABILITY,origin.list,origin.list,2023-05-24 05:24:41.897270,3fc0140e1737aec9337ca2c2
206.238.200.109,AVAILABILITY,origin.list,origin.list,2023-05-24 05:24:59.548522,3fc0140e1737aec9337ca2c2
206.238.200.110,AVAILABILITY,origin.list,origin.list,2023-05-24 05:25:00.141129,3fc0140e1737aec9337ca2c2
206.238.200.111,AVAILABILITY,origin.list,origin.list,2023-05-24 05:25:00.738884,3fc0140e1737aec9337ca2c2
206.238.200.113,AVAILABILITY,origin.list,origin.list,2023-05-24 05:25:00.946785,3fc0140e1737aec9337ca2c2
206.238.200.112,AVAILABILITY,origin.list,origin.list,2023-05-24 05:25:02.403561,3fc0140e1737aec9337ca2c2
206.238.200.114,AVAILABILITY,origin.list,origin.list,2023-05-24 05:25:20.060789,3fc0140e1737aec9337ca2c2
206.238.200.115,AVAILABILITY,origin.list,origin.list,2023-05-24 05:25:20.651947,3fc0140e1737aec9337ca2c2
206.238.200.116,AVAILABILITY,origin.list,origin.list,2023-05-24 05:25:21.316134,3fc0140e1737aec9337ca2c2
206.238.200.118,AVAILABILITY,origin.list,origin.list,2023-05-24 05:25:21.460472,3fc0140e1737aec9337ca2c2
206.238.200.117,AVAILABILITY,origin.list,origin.list,2023-05-24 05:25:22.912613,3fc0140e1737aec9337ca2c2
206.238.200.119,AVAILABILITY,origin.list,origin.list,2023-05-24 05:25:40.567554,3fc0140e1737aec9337ca2c2
206.238.200.120,AVAILABILITY,origin.list,origin.list,2023-05-24 05:25:41.166982,3fc0140e1737aec9337ca2c2
206.238.200.121,AVAILABILITY,origin.list,origin.list,2023-05-24 05:25:41.828728,3fc0140e1737aec9337ca2c2
206.238.200.123,AVAILABILITY,origin.list,origin.list,2023-05-24 05:25:41.965858,3fc0140e1737aec9337ca2c2
206.238.200.122,AVAILABILITY,origin.list,origin.list,2023-05-24 05:25:43.425048,3fc0140e1737aec9337ca2c2
206.238.200.124,AVAILABILITY,origin.list,origin.list,2023-05-24 05:26:01.072059,3fc0140e1737aec9337ca2c2
206.238.200.125,AVAILABILITY,origin.list,origin.list,2023-05-24 05:26:01.676674,3fc0140e1737aec9337ca2c2
206.238.200.126,AVAILABILITY,origin.list,origin.list,2023-05-24 05:26:02.344577,3fc0140e1737aec9337ca2c2
206.238.200.127,AVAILABILITY,origin.list,origin.list,2023-05-24 05:26:02.473276,3fc0140e1737aec9337ca2c2
206.238.200.128,AVAILABILITY,origin.list,origin.list,2023-05-24 05:26:03.936601,3fc0140e1737aec9337ca2c2
206.238.200.129,AVAILABILITY,origin.list,origin.list,2023-05-24 05:26:21.583482,3fc0140e1737aec9337ca2c2
206.238.200.13,AVAILABILITY,origin.list,origin.list,2023-05-24 05:26:22.185643,3fc0140e1737aec9337ca2c2
206.238.200.130,AVAILABILITY,origin.list,origin.list,2023-05-24 05:26:22.851524,3fc0140e1737aec9337ca2c2
206.238.200.132,AVAILABILITY,origin.list,origin.list,2023-05-24 05:26:22.979604,3fc0140e1737aec9337ca2c2
206.238.200.131,AVAILABILITY,origin.list,origin.list,2023-05-24 05:26:24.451411,3fc0140e1737aec9337ca2c2
206.238.200.133,AVAILABILITY,origin.list,origin.list,2023-05-24 05:26:42.095341,3fc0140e1737aec9337ca2c2
206.238.200.134,AVAILABILITY,origin.list,origin.list,2023-05-24 05:26:42.702274,3fc0140e1737aec9337ca2c2
206.238.200.135,AVAILABILITY,origin.list,origin.list,2023-05-24 05:26:43.358823,3fc0140e1737aec9337ca2c2
206.238.200.136,AVAILABILITY,origin.list,origin.list,2023-05-24 05:26:43.483693,3fc0140e1737aec9337ca2c2
206.238.200.137,AVAILABILITY,origin.list,origin.list,2023-05-24 05:26:44.961686,3fc0140e1737aec9337ca2c2
206.238.200.138,AVAILABILITY,origin.list,origin.list,2023-05-24 05:27:02.612750,3fc0140e1737aec9337ca2c2
206.238.200.139,AVAILABILITY,origin.list,origin.list,2023-05-24 05:27:03.215477,3fc0140e1737aec9337ca2c2
206.238.200.14,AVAILABILITY,origin.list,origin.list,2023-05-24 05:27:03.868691,3fc0140e1737aec9337ca2c2
206.238.200.141,AVAILABILITY,origin.list,origin.list,2023-05-24 05:27:03.990639,3fc0140e1737aec9337ca2c2
206.238.200.140,AVAILABILITY,origin.list,origin.list,2023-05-24 05:27:05.467709,3fc0140e1737aec9337ca2c2
206.238.200.142,AVAILABILITY,origin.list,origin.list,2023-05-24 05:27:23.119978,3fc0140e1737aec9337ca2c2
206.238.200.143,AVAILABILITY,origin.list,origin.list,2023-05-24 05:27:23.722820,3fc0140e1737aec9337ca2c2
206.238.200.144,AVAILABILITY,origin.list,origin.list,2023-05-24 05:27:24.375343,3fc0140e1737aec9337ca2c2
206.238.200.145,AVAILABILITY,origin.list,origin.list,2023-05-24 05:27:24.502194,3fc0140e1737aec9337ca2c2
206.238.200.146,AVAILABILITY,origin.list,origin.list,2023-05-24 05:27:25.980402,3fc0140e1737aec9337ca2c2
206.238.200.147,AVAILABILITY,origin.list,origin.list,2023-05-24 05:27:43.631374,3fc0140e1737aec9337ca2c2
206.238.200.148,AVAILABILITY,origin.list,origin.list,2023-05-24 05:27:44.232436,3fc0140e1737aec9337ca2c2
206.238.200.149,AVAILABILITY,origin.list,origin.list,2023-05-24 05:27:44.892440,3fc0140e1737aec9337ca2c2
206.238.200.150,AVAILABILITY,origin.list,origin.list,2023-05-24 05:27:45.012348,3fc0140e1737aec9337ca2c2
206.238.200.151,AVAILABILITY,origin.list,origin.list,2023-05-24 05:27:46.485504,3fc0140e1737aec9337ca2c2
206.238.200.152,AVAILABILITY,origin.list,origin.list,2023-05-24 05:28:04.148418,3fc0140e1737aec9337ca2c2
206.238.200.153,AVAILABILITY,origin.list,origin.list,2023-05-24 05:28:04.741707,3fc0140e1737aec9337ca2c2
206.238.200.154,AVAILABILITY,origin.list,origin.list,2023-05-24 05:28:05.403199,3fc0140e1737aec9337ca2c2
206.238.200.156,AVAILABILITY,origin.list,origin.list,2023-05-24 05:28:05.528121,3fc0140e1737aec9337ca2c2
206.238.200.155,AVAILABILITY,origin.list,origin.list,2023-05-24 05:28:06.996507,3fc0140e1737aec9337ca2c2
206.238.200.157,AVAILABILITY,origin.list,origin.list,2023-05-24 05:28:24.662673,3fc0140e1737aec9337ca2c2
206.238.200.159,AVAILABILITY,origin.list,origin.list,2023-05-24 05:28:25.255199,3fc0140e1737aec9337ca2c2
206.238.200.158,AVAILABILITY,origin.list,origin.list,2023-05-24 05:28:25.918746,3fc0140e1737aec9337ca2c2
206.238.200.161,AVAILABILITY,origin.list,origin.list,2023-05-24 05:28:26.036793,3fc0140e1737aec9337ca2c2
206.238.200.160,AVAILABILITY,origin.list,origin.list,2023-05-24 05:28:27.508462,3fc0140e1737aec9337ca2c2
206.238.200.162,AVAILABILITY,origin.list,origin.list,2023-05-24 05:28:45.176730,3fc0140e1737aec9337ca2c2
206.238.200.163,AVAILABILITY,origin.list,origin.list,2023-05-24 05:28:45.766482,3fc0140e1737aec9337ca2c2
206.238.200.164,AVAILABILITY,origin.list,origin.list,2023-05-24 05:28:46.433251,3fc0140e1737aec9337ca2c2
206.238.200.165,AVAILABILITY,origin.list,origin.list,2023-05-24 05:28:46.551373,3fc0140e1737aec9337ca2c2
206.238.200.166,AVAILABILITY,origin.list,origin.list,2023-05-24 05:28:48.020432,3fc0140e1737aec9337ca2c2
206.238.200.167,AVAILABILITY,origin.list,origin.list,2023-05-24 05:29:05.687138,3fc0140e1737aec9337ca2c2
206.238.200.168,AVAILABILITY,origin.list,origin.list,2023-05-24 05:29:06.282047,3fc0140e1737aec9337ca2c2
206.238.200.169,AVAILABILITY,origin.list,origin.list,2023-05-24 05:29:06.942013,3fc0140e1737aec9337ca2c2
206.238.200.171,AVAILABILITY,origin.list,origin.list,2023-05-24 05:29:07.067794,3fc0140e1737aec9337ca2c2
206.238.200.170,AVAILABILITY,origin.list,origin.list,2023-05-24 05:29:08.549691,3fc0140e1737aec9337ca2c2
206.238.200.172,AVAILABILITY,origin.list,origin.list,2023-05-24 05:29:26.195542,3fc0140e1737aec9337ca2c2
206.238.200.173,AVAILABILITY,origin.list,origin.list,2023-05-24 05:29:26.798560,3fc0140e1737aec9337ca2c2
206.238.200.174,AVAILABILITY,origin.list,origin.list,2023-05-24 05:29:27.457311,3fc0140e1737aec9337ca2c2
206.238.200.176,AVAILABILITY,origin.list,origin.list,2023-05-24 05:29:27.587575,3fc0140e1737aec9337ca2c2
206.238.200.175,AVAILABILITY,origin.list,origin.list,2023-05-24 05:29:29.062795,3fc0140e1737aec9337ca2c2
206.238.200.177,AVAILABILITY,origin.list,origin.list,2023-05-24 05:29:46.714782,3fc0140e1737aec9337ca2c2
206.238.200.178,AVAILABILITY,origin.list,origin.list,2023-05-24 05:29:47.309448,3fc0140e1737aec9337ca2c2
206.238.200.179,AVAILABILITY,origin.list,origin.list,2023-05-24 05:29:47.958793,3fc0140e1737aec9337ca2c2
206.238.200.181,AVAILABILITY,origin.list,origin.list,2023-05-24 05:29:48.102668,3fc0140e1737aec9337ca2c2
206.238.200.180,AVAILABILITY,origin.list,origin.list,2023-05-24 05:29:49.574833,3fc0140e1737aec9337ca2c2
206.238.200.182,AVAILABILITY,origin.list,origin.list,2023-05-24 05:30:07.220449,3fc0140e1737aec9337ca2c2
206.238.200.183,AVAILABILITY,origin.list,origin.list,2023-05-24 05:30:07.816373,3fc0140e1737aec9337ca2c2
206.238.200.184,AVAILABILITY,origin.list,origin.list,2023-05-24 05:30:08.470158,3fc0140e1737aec9337ca2c2
206.238.200.185,AVAILABILITY,origin.list,origin.list,2023-05-24 05:30:08.614642,3fc0140e1737aec9337ca2c2
206.238.200.187,AVAILABILITY,origin.list,origin.list,2023-05-24 05:30:10.080730,3fc0140e1737aec9337ca2c2
206.238.200.186,AVAILABILITY,origin.list,origin.list,2023-05-24 05:30:27.813956,3fc0140e1737aec9337ca2c2
206.238.200.188,AVAILABILITY,origin.list,origin.list,2023-05-24 05:30:28.326812,3fc0140e1737aec9337ca2c2
206.238.200.190,AVAILABILITY,origin.list,origin.list,2023-05-24 05:30:28.979593,3fc0140e1737aec9337ca2c2
206.238.200.189,AVAILABILITY,origin.list,origin.list,2023-05-24 05:30:29.127110,3fc0140e1737aec9337ca2c2
206.238.200.192,AVAILABILITY,origin.list,origin.list,2023-05-24 05:30:30.587194,3fc0140e1737aec9337ca2c2
206.238.200.191,AVAILABILITY,origin.list,origin.list,2023-05-24 05:30:48.323570,3fc0140e1737aec9337ca2c2
206.238.200.193,AVAILABILITY,origin.list,origin.list,2023-05-24 05:30:48.838605,3fc0140e1737aec9337ca2c2
206.238.200.195,AVAILABILITY,origin.list,origin.list,2023-05-24 05:30:49.485451,3fc0140e1737aec9337ca2c2
206.238.200.194,AVAILABILITY,origin.list,origin.list,2023-05-24 05:30:49.636296,3fc0140e1737aec9337ca2c2
206.238.200.197,AVAILABILITY,origin.list,origin.list,2023-05-24 05:30:51.102271,3fc0140e1737aec9337ca2c2
206.238.200.196,AVAILABILITY,origin.list,origin.list,2023-05-24 05:31:08.910560,3fc0140e1737aec9337ca2c2
206.238.200.199,AVAILABILITY,origin.list,origin.list,2023-05-24 05:31:09.353716,3fc0140e1737aec9337ca2c2
206.238.200.200,AVAILABILITY,origin.list,origin.list,2023-05-24 05:31:10.002469,3fc0140e1737aec9337ca2c2
206.238.200.198,AVAILABILITY,origin.list,origin.list,2023-05-24 05:31:10.149154,3fc0140e1737aec9337ca2c2
206.238.200.201,AVAILABILITY,origin.list,origin.list,2023-05-24 05:31:11.615651,3fc0140e1737aec9337ca2c2
206.238.200.202,AVAILABILITY,origin.list,origin.list,2023-05-24 05:31:29.421121,3fc0140e1737aec9337ca2c2
206.238.200.203,AVAILABILITY,origin.list,origin.list,2023-05-24 05:31:29.936652,3fc0140e1737aec9337ca2c2
206.238.200.204,AVAILABILITY,origin.list,origin.list,2023-05-24 05:31:30.511467,3fc0140e1737aec9337ca2c2
206.238.200.205,AVAILABILITY,origin.list,origin.list,2023-05-24 05:31:30.661957,3fc0140e1737aec9337ca2c2
206.238.200.206,AVAILABILITY,origin.list,origin.list,2023-05-24 05:31:32.128844,3fc0140e1737aec9337ca2c2
206.238.200.207,AVAILABILITY,origin.list,origin.list,2023-05-24 05:31:49.935385,3fc0140e1737aec9337ca2c2
206.238.200.208,AVAILABILITY,origin.list,origin.list,2023-05-24 05:31:50.446748,3fc0140e1737aec9337ca2c2
206.238.200.210,AVAILABILITY,origin.list,origin.list,2023-05-24 05:31:51.022948,3fc0140e1737aec9337ca2c2
206.238.200.209,AVAILABILITY,origin.list,origin.list,2023-05-24 05:31:51.174812,3fc0140e1737aec9337ca2c2
206.238.200.212,AVAILABILITY,origin.list,origin.list,2023-05-24 05:31:52.641938,3fc0140e1737aec9337ca2c2
206.238.200.211,AVAILABILITY,origin.list,origin.list,2023-05-24 05:32:10.448358,3fc0140e1737aec9337ca2c2
206.238.200.213,AVAILABILITY,origin.list,origin.list,2023-05-24 05:32:10.955895,3fc0140e1737aec9337ca2c2
206.238.200.217,AVAILABILITY,origin.list,origin.list,2023-05-24 05:32:11.534819,3fc0140e1737aec9337ca2c2
206.238.200.214,AVAILABILITY,origin.list,origin.list,2023-05-24 05:32:11.682112,3fc0140e1737aec9337ca2c2
206.238.200.215,AVAILABILITY,origin.list,origin.list,2023-05-24 05:32:13.157267,3fc0140e1737aec9337ca2c2
206.238.200.216,AVAILABILITY,origin.list,origin.list,2023-05-24 05:32:30.955583,3fc0140e1737aec9337ca2c2
206.238.200.218,AVAILABILITY,origin.list,origin.list,2023-05-24 05:32:31.463325,3fc0140e1737aec9337ca2c2
206.238.200.220,AVAILABILITY,origin.list,origin.list,2023-05-24 05:32:32.048465,3fc0140e1737aec9337ca2c2
206.238.200.219,AVAILABILITY,origin.list,origin.list,2023-05-24 05:32:32.196305,3fc0140e1737aec9337ca2c2
206.238.200.222,AVAILABILITY,origin.list,origin.list,2023-05-24 05:32:33.672875,3fc0140e1737aec9337ca2c2
206.238.200.221,AVAILABILITY,origin.list,origin.list,2023-05-24 05:32:51.463124,3fc0140e1737aec9337ca2c2
206.238.200.223,AVAILABILITY,origin.list,origin.list,2023-05-24 05:32:51.976276,3fc0140e1737aec9337ca2c2
206.238.200.224,AVAILABILITY,origin.list,origin.list,2023-05-24 05:32:52.563865,3fc0140e1737aec9337ca2c2
206.238.200.225,AVAILABILITY,origin.list,origin.list,2023-05-24 05:32:52.702132,3fc0140e1737aec9337ca2c2
206.238.200.226,AVAILABILITY,origin.list,origin.list,2023-05-24 05:32:54.189257,3fc0140e1737aec9337ca2c2
206.238.200.227,AVAILABILITY,origin.list,origin.list,2023-05-24 05:33:11.972667,3fc0140e1737aec9337ca2c2
206.238.200.228,AVAILABILITY,origin.list,origin.list,2023-05-24 05:33:12.488373,3fc0140e1737aec9337ca2c2
206.238.200.229,AVAILABILITY,origin.list,origin.list,2023-05-24 05:33:13.076386,3fc0140e1737aec9337ca2c2
206.238.200.230,AVAILABILITY,origin.list,origin.list,2023-05-24 05:33:13.206789,3fc0140e1737aec9337ca2c2
206.238.200.231,AVAILABILITY,origin.list,origin.list,2023-05-24 05:33:14.772621,3fc0140e1737aec9337ca2c2
206.238.200.232,AVAILABILITY,origin.list,origin.list,2023-05-24 05:33:32.480333,3fc0140e1737aec9337ca2c2
206.238.200.233,AVAILABILITY,origin.list,origin.list,2023-05-24 05:33:33.008189,3fc0140e1737aec9337ca2c2
206.238.200.234,AVAILABILITY,origin.list,origin.list,2023-05-24 05:33:33.588701,3fc0140e1737aec9337ca2c2
206.238.200.236,AVAILABILITY,origin.list,origin.list,2023-05-24 05:33:33.717995,3fc0140e1737aec9337ca2c2
206.238.200.235,AVAILABILITY,origin.list,origin.list,2023-05-24 05:33:35.288473,3fc0140e1737aec9337ca2c2
206.238.200.237,AVAILABILITY,origin.list,origin.list,2023-05-24 05:33:53.000899,3fc0140e1737aec9337ca2c2
206.238.200.239,AVAILABILITY,origin.list,origin.list,2023-05-24 05:33:53.520442,3fc0140e1737aec9337ca2c2
206.238.200.238,AVAILABILITY,origin.list,origin.list,2023-05-24 05:33:54.098839,3fc0140e1737aec9337ca2c2
206.238.200.24,AVAILABILITY,origin.list,origin.list,2023-05-24 05:33:54.228517,3fc0140e1737aec9337ca2c2
206.238.200.240,AVAILABILITY,origin.list,origin.list,2023-05-24 05:33:55.791445,3fc0140e1737aec9337ca2c2
206.238.200.241,AVAILABILITY,origin.list,origin.list,2023-05-24 05:34:13.585293,3fc0140e1737aec9337ca2c2
206.238.200.245,AVAILABILITY,origin.list,origin.list,2023-05-24 05:34:14.034206,3fc0140e1737aec9337ca2c2
206.238.200.243,AVAILABILITY,origin.list,origin.list,2023-05-24 05:34:14.612476,3fc0140e1737aec9337ca2c2
206.238.200.244,AVAILABILITY,origin.list,origin.list,2023-05-24 05:34:14.740402,3fc0140e1737aec9337ca2c2
206.238.200.242,AVAILABILITY,origin.list,origin.list,2023-05-24 05:34:16.294073,3fc0140e1737aec9337ca2c2
206.238.200.246,AVAILABILITY,origin.list,origin.list,2023-05-24 05:34:34.092170,3fc0140e1737aec9337ca2c2
206.238.200.248,AVAILABILITY,origin.list,origin.list,2023-05-24 05:34:34.548164,3fc0140e1737aec9337ca2c2
206.238.200.247,AVAILABILITY,origin.list,origin.list,2023-05-24 05:34:35.124839,3fc0140e1737aec9337ca2c2
206.238.200.25,AVAILABILITY,origin.list,origin.list,2023-05-24 05:34:35.250251,3fc0140e1737aec9337ca2c2
206.238.200.249,AVAILABILITY,origin.list,origin.list,2023-05-24 05:34:36.870841,3fc0140e1737aec9337ca2c2
206.238.200.250,AVAILABILITY,origin.list,origin.list,2023-05-24 05:34:54.603181,3fc0140e1737aec9337ca2c2
206.238.200.252,AVAILABILITY,origin.list,origin.list,2023-05-24 05:34:55.060918,3fc0140e1737aec9337ca2c2
206.238.200.253,AVAILABILITY,origin.list,origin.list,2023-05-24 05:34:55.642892,3fc0140e1737aec9337ca2c2
206.238.200.251,AVAILABILITY,origin.list,origin.list,2023-05-24 05:34:55.769195,3fc0140e1737aec9337ca2c2
206.238.200.27,AVAILABILITY,origin.list,origin.list,2023-05-24 05:34:57.386141,3fc0140e1737aec9337ca2c2
206.238.200.28,AVAILABILITY,origin.list,origin.list,2023-05-24 05:35:15.118469,3fc0140e1737aec9337ca2c2
206.238.200.30,AVAILABILITY,origin.list,origin.list,2023-05-24 05:35:15.572445,3fc0140e1737aec9337ca2c2
206.238.200.31,AVAILABILITY,origin.list,origin.list,2023-05-24 05:35:16.158662,3fc0140e1737aec9337ca2c2
206.238.200.35,AVAILABILITY,origin.list,origin.list,2023-05-24 05:35:16.286300,3fc0140e1737aec9337ca2c2
206.238.200.32,AVAILABILITY,origin.list,origin.list,2023-05-24 05:35:17.898626,3fc0140e1737aec9337ca2c2
206.238.200.34,AVAILABILITY,origin.list,origin.list,2023-05-24 05:35:35.630708,3fc0140e1737aec9337ca2c2
206.238.200.40,AVAILABILITY,origin.list,origin.list,2023-05-24 05:35:36.152405,3fc0140e1737aec9337ca2c2
206.238.200.50,AVAILABILITY,origin.list,origin.list,2023-05-24 05:35:36.672417,3fc0140e1737aec9337ca2c2
206.238.200.37,AVAILABILITY,origin.list,origin.list,2023-05-24 05:35:36.798791,3fc0140e1737aec9337ca2c2
206.238.200.49,AVAILABILITY,origin.list,origin.list,2023-05-24 05:35:38.402486,3fc0140e1737aec9337ca2c2
206.238.200.38,AVAILABILITY,origin.list,origin.list,2023-05-24 05:35:56.143120,3fc0140e1737aec9337ca2c2
206.238.200.5,AVAILABILITY,origin.list,origin.list,2023-05-24 05:35:56.663074,3fc0140e1737aec9337ca2c2
206.238.200.53,AVAILABILITY,origin.list,origin.list,2023-05-24 05:35:57.184640,3fc0140e1737aec9337ca2c2
206.238.200.51,AVAILABILITY,origin.list,origin.list,2023-05-24 05:35:57.316486,3fc0140e1737aec9337ca2c2
206.238.200.52,AVAILABILITY,origin.list,origin.list,2023-05-24 05:35:58.918646,3fc0140e1737aec9337ca2c2
206.238.200.55,AVAILABILITY,origin.list,origin.list,2023-05-24 05:36:16.655417,3fc0140e1737aec9337ca2c2
206.238.200.58,AVAILABILITY,origin.list,origin.list,2023-05-24 05:36:17.168470,3fc0140e1737aec9337ca2c2
206.238.200.61,AVAILABILITY,origin.list,origin.list,2023-05-24 05:36:17.695044,3fc0140e1737aec9337ca2c2
206.238.200.56,AVAILABILITY,origin.list,origin.list,2023-05-24 05:36:17.831455,3fc0140e1737aec9337ca2c2
206.238.200.60,AVAILABILITY,origin.list,origin.list,2023-05-24 05:36:19.428659,3fc0140e1737aec9337ca2c2
206.238.200.57,AVAILABILITY,origin.list,origin.list,2023-05-24 05:36:37.170219,3fc0140e1737aec9337ca2c2
206.238.200.69,AVAILABILITY,origin.list,origin.list,2023-05-24 05:36:37.683314,3fc0140e1737aec9337ca2c2
206.238.200.70,AVAILABILITY,origin.list,origin.list,2023-05-24 05:36:38.201546,3fc0140e1737aec9337ca2c2
206.238.200.7,AVAILABILITY,origin.list,origin.list,2023-05-24 05:36:38.346081,3fc0140e1737aec9337ca2c2
206.238.200.77,AVAILABILITY,origin.list,origin.list,2023-05-24 05:36:39.938398,3fc0140e1737aec9337ca2c2
206.238.200.76,AVAILABILITY,origin.list,origin.list,2023-05-24 05:36:57.680544,3fc0140e1737aec9337ca2c2
